N›;IES;PROGRAMA;MFD001A;MFD001B;MFD001C;MFD001D;MFD001E;MFD001F;MFD001G;MFD001H;MFD001I;MFD001J;MFD001K;MFD001L;MFD002A;MFD002B;MFD002C;MFD002D;MFD002E;MFD002F;MFD002G;MFD002H;MFD002I;MFD002J;MFD002K;MFD002L;MFD002M;MFD002N;MFD003A;MFD003B;MFD003C;MFD003D;MFD003E;MFD003F;MFD003G;MFD003H;MFD004A;MFD004B;MFD004C;MFD004D;MFD004E;MFD004F;MFD004G;MFD004H;MFD004I;MFD004J;MFD004K;MFD004L;MFD004M;MFD005A;MFD005B;MFD005C;MFD005D;MFD005E;MFD005F;MFD006
OO1;1;Normalista;4;4;1;5;4;4;2;5;5;4;5;6;1;2;4;2;4;2;3;3;4;4;2;3;5;5;2;2;3;2;3;4;4;3;3;4;4;3;3;4;4;2;3;4;4;4;4;5;1;5;4;5;5;4
OO2;1;Normalista;4;6;1;3;6;6;6;5;4;5;6;6;6;3;1;6;4;5;6;6;6;6;5;4;5;5;6;5;4;6;5;6;2;6;1;1;1;1;1;1;1;1;1;1;1;1;1;5;1;1;5;1;1;1
OO3;1;Normalista;5;1;1;1;1;1;1;1;1;1;1;1;1;1;1;1;1;1;1;1;1;1;1;1;1;1;1;1;1;1;1;1;1;1;1;1;1;1;1;1;1;1;1;1;1;1;1;1;1;1;1;1;1;1
OO4;1;Normalista;6;5;6;5;4;5;5;6;5;1;6;5;2;4;3;3;4;4;6;6;5;3;6;6;6;5;3;2;5;2;2;5;2;2;4;4;3;4;4;4;4;4;4;4;4;3;2;6;6;6;6;6;6;2
OO5;1;Normalista;3;3;2;3;6;4;4;2;3;1;5;5;4;5;4;4;3;4;3;4;4;4;4;4;4;3;4;4;1;3;4;4;4;5;3;3;3;3;2;1;2;3;2;3;2;3;2;4;4;5;4;5;4;1
OO6;1;Normalista;6;5;4;4;6;5;4;4;3;1;5;5;3;5;5;5;5;5;5;5;2;2;5;6;5;5;6;5;4;5;2;5;5;2;3;3;3;3;4;3;3;2;3;3;3;4;3;6;5;5;5;5;5;3
OO7;1;Normalista;6;6;6;6;5;5;5;6;6;1;6;5;5;5;1;4;6;1;6;6;1;1;4;3;6;4;1;3;5;4;1;5;4;4;4;4;4;4;3;4;4;4;4;4;4;4;4;5;5;5;5;5;5;4
OO8;1;Normalista;1;1;1;1;1;1;1;1;1;1;1;1;1;1;1;1;1;1;1;1;1;1;1;1;1;1;1;1;1;1;1;1;1;1;1;1;1;1;1;1;1;1;1;1;1;1;1;1;1;1;1;1;1;1
OO9;1;Normalista;5;5;5;5;5;5;5;5;5;1;5;5;5;5;5;5;5;5;5;5;5;2;5;4;5;5;2;2;2;2;2;4;4;2;4;4;4;4;4;4;4;4;4;4;4;4;4;5;5;5;5;5;5;3
O10;1;Normalista;1;4;5;5;5;5;5;5;5;1;5;5;1;1;1;1;3;5;6;6;4;3;3;5;5;5;1;1;3;1;1;3;1;1;1;1;1;1;1;1;1;1;1;1;1;1;1;4;4;4;4;4;4;3
O11;1;Normalista;5;5;6;5;5;5;5;4;5;1;6;6;5;5;5;5;4;4;6;6;1;2;5;6;6;6;2;2;4;3;1;6;6;6;4;4;4;3;2;2;2;3;2;2;2;3;3;5;5;5;4;5;5;3
O12;1;Normalista;5;5;4;4;5;4;5;5;5;1;3;5;6;5;5;3;5;4;4;3;3;1;5;4;5;5;3;4;4;3;3;4;1;5;3;3;2;3;1;1;4;2;2;3;3;3;3;5;5;4;5;5;5;2
O13;1;Normalista;6;6;6;6;6;6;3;5;5;1;6;6;5;4;5;5;5;5;5;5;5;5;5;5;5;5;4;4;4;4;4;4;4;4;4;4;4;4;4;4;4;4;4;4;4;4;4;6;6;6;6;6;6;1
O14;1;Normalista;4;5;3;4;6;6;6;3;6;1;6;6;6;6;3;6;6;5;5;6;4;3;5;4;5;6;4;5;6;5;5;6;4;5;2;3;4;3;1;3;4;2;3;1;4;3;4;4;3;6;5;4;6;2
O15;1;Normalista;6;5;5;4;5;5;4;5;5;1;5;6;5;4;2;2;6;5;5;6;5;2;5;1;3;4;2;5;4;2;2;4;6;4;4;4;4;3;2;2;3;4;4;4;4;4;4;5;6;6;6;6;6;3
O16;1;Normalista;6;5;5;6;6;5;6;6;4;1;6;5;4;4;4;5;5;4;5;4;5;6;6;1;5;6;4;5;5;6;5;5;6;1;3;3;3;4;4;4;4;1;3;3;4;3;3;6;6;5;6;6;5;3
O17;1;Normalista;5;5;5;3;5;2;5;4;5;1;5;5;4;2;2;2;3;3;6;4;4;3;4;6;4;5;2;2;2;1;2;3;5;2;3;3;3;2;3;2;4;4;3;3;3;4;3;5;5;5;5;6;6;3
O18;1;Normalista;5;4;5;4;5;5;6;4;4;1;4;6;1;4;1;1;4;1;5;5;4;3;1;6;6;4;1;4;5;4;1;2;6;5;4;4;4;3;4;4;4;2;3;3;3;4;3;5;5;5;6;6;6;4
O19;1;Normalista;6;4;6;5;6;6;5;6;6;1;6;6;3;6;3;5;6;6;6;6;5;2;6;5;6;6;3;3;6;2;2;5;5;3;3;4;4;4;3;4;4;4;4;4;4;4;4;6;6;5;5;6;5;3
O20;1;Normalista;6;1;4;6;6;6;5;4;4;1;6;6;5;5;1;1;5;2;6;6;4;4;6;5;4;5;1;4;3;4;1;6;6;2;3;3;3;3;2;2;3;3;3;2;2;2;2;5;5;4;4;4;5;2
O21;1;Normalista;5;5;5;5;5;5;4;5;5;1;6;6;5;5;5;5;5;5;5;5;4;5;5;4;4;6;4;2;4;1;2;2;5;3;3;3;3;3;3;3;3;3;3;2;3;3;3;5;5;5;5;5;5;3
O22;1;Normalista;4;6;3;3;6;4;6;4;4;1;5;5;4;5;2;2;5;5;5;5;3;2;1;4;4;6;2;4;4;4;2;5;5;2;3;4;4;3;4;4;4;4;3;4;3;3;4;5;4;5;5;5;5;3
O23;1;Normalista;4;6;4;6;6;6;6;6;6;1;6;6;6;6;1;6;6;3;6;4;4;4;6;3;6;6;3;4;3;1;1;6;6;1;4;4;4;4;4;4;4;4;4;4;4;4;4;6;6;6;6;6;6;4
O24;1;Normalista;4;4;4;6;4;5;5;3;5;1;4;5;2;3;1;2;3;2;5;3;3;3;5;4;5;5;3;2;3;2;2;2;4;2;3;3;3;4;2;3;4;3;3;4;4;3;3;4;4;4;4;5;4;4
O25;1;Normalista;6;6;6;6;6;6;6;5;6;1;6;6;5;5;3;5;6;6;6;6;5;2;4;5;6;5;5;5;5;4;5;6;6;5;2;3;3;1;3;3;3;3;3;3;3;3;4;6;6;6;6;6;6;3
O26;1;Normalista;5;5;4;5;6;5;5;6;4;1;5;6;5;5;5;5;4;5;5;5;3;4;5;4;4;4;2;3;5;4;2;4;5;2;3;4;4;4;4;4;4;4;4;3;4;4;3;5;4;5;5;5;5;3
O27;1;Normalista;5;6;6;5;6;6;5;6;5;1;5;5;5;5;1;4;5;6;4;6;6;1;5;4;2;4;1;5;6;6;1;5;4;1;4;4;4;4;4;4;4;4;4;4;4;4;4;6;5;6;6;5;6;3
O28;1;Normalista;3;3;3;3;3;3;3;3;3;1;3;3;2;2;2;2;5;3;3;4;3;3;3;3;3;3;2;2;1;1;1;2;2;1;1;2;3;3;3;3;3;3;3;3;3;3;3;3;3;3;3;3;3;3
O29;1;Normalista;5;5;4;3;6;4;4;6;4;1;4;3;5;5;4;6;4;5;4;5;6;4;5;5;4;5;5;5;4;5;3;4;6;1;3;3;3;3;4;2;3;3;3;4;3;3;4;6;5;6;6;6;5;3
O30;1;Normalista;5;5;4;3;6;1;5;6;6;1;6;5;4;4;2;6;6;3;6;4;3;5;4;5;4;5;2;6;6;3;2;4;6;6;4;3;4;4;4;4;3;3;3;4;4;4;4;6;5;6;5;5;5;3
O31;1;Normalista;6;5;6;3;6;6;2;6;3;1;6;6;6;6;6;6;6;6;1;1;6;6;6;6;6;6;4;4;4;6;1;2;6;1;4;4;4;4;4;4;4;4;4;4;4;4;4;6;6;6;4;5;6;4
O32;1;Normalista;6;6;6;6;6;5;5;5;6;1;6;6;4;5;2;3;4;1;5;5;4;2;5;5;5;5;3;4;4;2;3;4;3;2;3;4;4;4;4;3;3;3;3;3;3;4;3;6;6;6;6;6;6;3
O34;1;Normalista;5;6;3;5;5;5;6;4;5;1;4;5;4;5;2;2;5;2;6;5;4;1;3;4;6;5;2;3;4;3;1;5;4;2;4;3;3;4;4;4;4;4;4;4;4;4;3;5;5;4;5;5;5;4
O35;1;Normalista;2;3;6;6;6;6;4;6;6;1;6;6;1;3;2;2;5;2;6;5;3;3;6;6;6;6;2;2;2;2;2;5;5;2;3;3;3;3;4;4;4;4;1;3;3;3;3;6;6;6;6;6;6;4
O36;1;Normalista;1;1;1;1;1;1;1;1;1;1;1;1;1;1;1;1;1;1;1;1;1;1;1;1;1;1;1;1;1;1;1;1;1;1;1;1;1;1;1;1;1;1;1;1;1;1;1;1;1;1;1;1;1;1
O37;1;Normalista;4;4;5;5;5;5;5;5;5;1;5;5;4;5;1;2;4;3;4;4;3;3;4;4;4;4;1;1;1;1;1;1;1;1;1;1;1;1;1;1;1;1;1;1;1;1;1;1;1;1;1;1;1;1
O38;1;Normalista;6;5;5;5;5;5;5;5;5;1;5;5;6;5;5;6;6;6;6;6;6;5;6;5;6;6;2;3;5;2;2;4;2;2;3;4;4;3;4;4;4;3;3;4;4;4;4;6;6;6;6;6;6;3
O39;1;Normalista;4;6;5;5;4;3;6;6;6;1;6;6;1;4;6;1;4;1;6;4;5;4;3;6;4;6;4;1;4;1;1;5;6;4;4;4;4;4;4;4;4;3;3;3;3;4;4;6;6;5;1;1;4;4
O40;1;Normalista;6;6;6;6;6;6;6;5;5;1;5;5;5;6;1;6;5;3;4;6;1;1;5;4;6;5;2;2;4;2;1;2;2;2;4;4;4;4;4;4;4;4;4;4;4;4;4;6;5;4;5;5;6;2
O41;1;Normalista;6;6;5;5;5;5;5;5;5;1;5;5;4;5;5;5;4;1;4;5;4;5;4;5;4;5;1;1;1;4;3;4;5;1;3;3;3;3;3;3;3;3;3;3;3;3;3;4;4;4;4;4;4;2
O42;1;Normalista;5;5;2;3;5;5;5;2;5;1;5;5;3;5;2;2;5;5;5;5;4;2;4;5;4;6;2;2;2;2;2;2;4;2;4;4;4;4;4;4;4;4;4;4;4;4;4;5;5;5;5;5;5;3
O43;1;Normalista;5;5;4;5;5;4;3;4;2;1;4;4;3;3;3;4;3;4;4;4;4;5;5;5;5;5;4;3;4;4;3;3;3;3;2;2;3;3;3;3;3;2;3;3;2;4;3;2;3;4;6;5;5;1
O44;1;Normalista;4;5;6;6;5;6;6;6;6;1;6;6;4;4;3;4;5;4;6;6;5;2;5;5;5;5;4;5;5;4;3;6;6;5;4;4;3;3;4;4;4;4;3;4;4;4;4;6;6;6;6;6;6;4
O45;1;Normalista;5;6;6;5;6;4;6;6;5;1;6;6;5;6;2;5;6;2;6;5;1;2;5;6;6;5;2;2;5;5;2;5;6;2;4;4;4;4;2;4;4;4;2;4;4;4;1;6;6;6;6;6;6;3
O46;1;Normalista;5;4;3;4;3;4;5;4;6;1;6;3;1;3;5;4;4;6;6;5;4;1;1;5;6;6;4;4;4;5;1;1;1;6;4;3;4;4;4;4;3;3;2;2;4;3;2;5;5;5;2;6;6;3
O47;1;Normalista;3;2;4;5;6;4;3;6;6;1;5;5;2;5;1;3;5;1;3;5;5;2;5;5;5;5;3;3;1;2;2;6;4;2;4;4;4;1;4;4;4;4;4;4;4;4;4;6;6;6;6;6;6;4
O48;1;Normalista;1;5;6;6;5;5;6;5;6;1;6;5;5;6;5;6;5;6;5;6;5;6;5;1;5;5;3;6;3;6;3;6;3;6;4;4;4;4;4;4;4;4;4;4;4;4;4;5;5;5;5;5;5;3
O49;1;Normalista;5;6;6;5;5;6;6;6;6;1;6;6;3;5;3;1;5;4;6;6;5;4;4;5;5;5;1;2;2;1;1;4;5;2;3;3;2;3;1;3;3;4;1;3;3;4;4;5;5;5;5;5;5;3
O50;1;Normalista;4;4;3;2;3;6;6;5;6;1;4;6;2;3;1;3;3;3;6;6;3;3;6;6;6;6;1;4;3;1;1;3;6;1;3;3;4;4;4;4;4;2;2;3;4;2;1;5;5;2;5;4;4;3
O51;1;Normalista;5;5;5;6;6;5;3;5;5;1;4;5;3;5;1;3;4;3;6;6;3;4;6;5;6;5;3;3;4;3;1;6;5;3;4;4;4;3;4;4;4;4;4;4;3;4;3;6;6;6;6;6;6;3
O52;1;Normalista;6;4;4;5;5;5;5;3;4;1;5;3;3;3;3;3;5;1;5;5;5;3;4;4;4;5;2;2;3;2;2;2;5;1;1;1;1;1;1;1;1;1;1;1;1;1;1;1;1;1;1;1;1;1
O53;1;Normalista;3;6;4;4;4;5;4;3;4;1;5;6;3;4;1;2;5;1;6;4;4;3;5;4;2;6;3;3;3;1;1;5;4;1;4;3;4;3;2;4;4;4;4;4;4;4;4;6;6;6;5;5;5;3
O54;1;Normalista;4;3;4;6;5;5;4;4;4;1;5;5;3;3;1;3;3;4;6;5;2;2;6;5;4;4;1;2;2;2;2;4;3;2;3;4;3;4;2;4;3;3;2;3;3;3;3;5;5;5;5;4;4;3
O55;1;Normalista;3;4;4;5;4;4;3;4;4;1;4;4;3;4;4;3;5;4;4;5;3;1;5;4;6;6;4;2;3;3;2;2;3;3;3;3;4;4;3;4;4;4;4;4;4;4;4;6;6;6;6;6;6;3
O56;1;Normalista;5;5;4;5;6;5;5;6;6;1;6;5;3;3;3;2;6;2;6;4;3;2;6;2;6;6;3;2;2;3;2;4;4;3;3;3;3;3;2;4;4;4;3;4;4;3;3;6;5;6;6;6;6;3
O57;1;Normalista;6;6;6;6;6;6;5;6;6;1;6;6;6;6;2;4;6;4;6;6;2;2;6;6;6;6;1;1;4;1;1;4;4;2;4;4;4;4;2;4;4;4;1;4;4;4;4;6;6;6;6;1;6;4
O58;1;Normalista;6;1;6;6;6;6;6;6;6;1;6;6;6;6;1;3;6;6;6;6;4;5;6;4;6;6;1;1;1;1;1;1;4;1;4;4;4;4;4;4;4;4;4;4;4;4;4;6;6;6;6;6;6;4
O59;1;Normalista;6;5;1;6;6;3;1;6;1;1;6;4;6;4;1;4;6;5;6;4;4;2;5;3;5;6;1;1;4;1;1;5;6;3;3;3;2;4;2;3;1;3;4;4;2;3;2;5;4;5;6;4;5;3
O60;1;Normalista;5;4;3;2;4;3;4;6;5;1;3;4;4;3;4;2;2;3;4;5;4;2;2;6;6;6;4;2;3;3;1;2;6;2;2;3;3;3;4;2;2;3;4;3;3;3;4;4;3;5;4;6;6;4
O61;1;Normalista;3;4;3;4;4;3;4;4;4;1;4;4;5;4;1;2;5;4;4;4;3;4;3;4;4;4;3;3;3;4;2;4;6;2;3;3;3;3;3;3;3;3;2;3;3;3;3;3;3;4;4;3;3;3
O62;1;Normalista;3;5;1;3;4;4;5;4;4;1;5;4;5;5;4;5;4;4;4;5;4;5;4;4;5;6;4;5;5;5;4;5;4;5;3;3;3;3;4;4;4;4;4;3;4;4;4;6;6;6;6;6;5;3
O63;1;Normalista;4;5;4;5;4;4;5;1;5;1;5;4;5;4;5;4;5;4;5;4;5;4;4;5;4;4;5;5;5;5;5;5;5;5;1;1;1;1;1;1;1;1;1;1;1;1;1;1;1;1;1;1;1;1
O64;1;Normalista;5;5;4;4;6;5;4;5;5;1;6;6;3;3;1;1;4;3;6;6;1;3;5;5;5;5;3;3;1;1;1;5;4;3;3;3;3;3;2;3;3;3;3;3;3;3;3;4;4;4;4;4;4;4
O65;1;Normalista;6;5;4;4;4;4;5;6;5;1;4;5;5;4;3;6;6;1;2;4;3;4;5;5;5;6;3;1;3;3;1;4;4;3;3;4;4;4;3;3;3;3;3;2;3;4;3;4;4;4;5;5;5;3
O66;1;Normalista;5;5;1;4;6;3;6;3;4;1;6;3;4;4;3;4;3;2;6;3;4;2;4;3;3;4;4;6;4;4;2;4;6;6;3;3;4;2;3;2;3;4;3;3;4;4;3;4;4;5;3;3;3;3
O67;1;Normalista;4;4;4;5;2;4;4;5;4;1;4;4;2;3;1;2;5;2;6;5;3;1;6;4;4;5;1;1;1;1;2;3;4;2;4;4;4;3;4;2;4;4;4;3;4;3;4;5;6;5;6;6;6;3
O68;1;Normalista;5;5;6;5;4;4;4;5;6;1;5;5;1;1;1;1;1;1;1;1;1;1;1;1;1;1;4;5;4;6;4;4;5;6;3;4;3;2;4;3;3;4;2;4;3;4;4;6;5;6;6;4;6;3
O69;1;Normalista;5;6;4;6;6;5;6;6;6;1;6;5;5;6;5;4;2;5;6;4;4;4;4;5;5;5;3;3;3;4;1;4;6;5;3;3;3;3;4;3;3;4;3;4;4;4;4;5;3;5;5;4;5;3
O70;1;Normalista;5;5;4;4;6;5;6;4;2;1;4;5;5;4;2;3;5;3;2;4;2;3;4;4;4;4;2;4;4;3;1;3;4;2;3;2;3;2;3;3;3;2;3;3;3;4;4;5;3;5;4;5;6;2
O71;1;Normalista;4;5;3;2;4;5;4;1;5;1;5;5;4;4;4;4;4;5;4;5;5;4;5;6;5;5;2;4;2;4;2;4;4;4;3;3;4;3;4;4;4;3;4;3;3;4;4;5;6;6;6;6;6;3
O72;1;Normalista;5;4;5;6;6;6;5;5;6;1;5;6;4;6;3;5;5;2;6;6;3;5;6;6;6;6;6;4;4;4;1;3;6;6;4;4;4;4;4;4;4;3;3;3;4;4;4;6;6;6;5;5;6;3
O73;1;Normalista;4;5;5;4;5;4;5;4;5;1;6;6;4;4;3;2;3;3;5;5;3;3;6;5;6;6;1;3;3;4;2;4;6;6;3;3;3;3;2;3;4;3;2;2;4;4;2;6;5;5;4;5;6;3
O74;1;Normalista;5;5;6;5;6;6;3;6;3;1;6;6;2;2;4;2;6;3;5;4;5;5;6;5;5;6;2;2;1;1;1;2;6;6;3;3;3;2;3;3;3;4;3;4;4;3;3;6;4;5;6;5;5;3
O75;1;Normalista;1;1;1;1;1;1;1;1;1;1;1;1;1;1;1;1;1;1;1;1;1;1;1;1;1;1;1;1;1;1;1;1;1;1;1;1;1;1;1;1;1;1;1;1;1;1;1;1;1;1;1;1;1;1
O76;1;Normalista;5;3;5;5;5;5;5;5;5;1;5;5;2;2;2;2;5;3;5;5;3;3;4;4;3;4;3;3;4;4;2;3;4;1;3;3;3;3;3;3;3;3;3;3;3;3;3;4;4;5;5;5;5;3
O77;2;Normalista;4;5;3;3;5;4;5;4;5;1;4;4;4;4;2;4;3;3;6;5;5;1;5;4;5;5;2;3;2;2;1;4;4;4;3;3;3;2;3;2;3;3;3;3;3;3;4;3;2;5;5;5;5;3
O78;2;Normalista;5;5;4;3;5;3;3;5;5;1;6;5;3;5;3;1;5;2;5;5;4;5;4;4;4;5;2;3;1;3;2;3;2;4;3;4;3;2;4;2;3;3;3;3;4;4;3;5;6;6;5;5;5;3
O79;2;Normalista;6;6;5;6;6;6;5;6;6;1;6;6;4;5;2;3;3;2;5;5;4;1;5;4;4;5;3;3;3;3;3;4;4;3;3;3;4;2;4;4;4;4;3;4;4;4;4;6;5;5;5;6;6;4
O80;2;Normalista;6;6;5;6;6;6;5;6;6;1;6;6;1;1;1;5;5;1;6;6;1;5;6;6;6;6;6;1;2;1;1;6;5;1;4;4;4;4;4;4;4;4;4;4;4;4;4;6;6;6;6;6;6;1
O81;2;Normalista;2;1;2;1;1;1;1;2;1;1;1;1;3;3;5;1;2;4;1;1;3;4;1;1;1;1;3;4;4;4;3;1;1;1;1;1;1;1;1;1;1;2;1;1;1;1;2;1;1;1;1;1;1;3
O82;2;Normalista;5;5;5;5;5;5;5;5;5;1;5;5;5;5;5;5;5;5;5;5;5;5;5;5;5;5;4;2;3;3;2;3;5;5;4;4;4;4;3;3;4;3;3;4;4;4;4;4;3;3;5;6;6;3
O83;2;Normalista;4;4;4;5;5;2;2;4;4;1;5;4;2;2;2;1;3;3;6;5;4;4;3;5;5;5;2;2;4;3;1;3;5;1;3;3;3;4;4;4;4;4;3;4;4;3;4;6;5;5;5;5;5;3
O84;2;Normalista;5;6;6;6;6;5;5;6;6;1;4;6;4;2;1;1;4;1;1;1;1;1;1;1;1;1;1;1;1;1;1;1;1;1;1;1;1;1;1;1;1;1;1;1;1;1;1;1;1;1;1;1;1;1
O85;2;Normalista;5;5;4;4;5;4;5;5;6;1;6;4;4;4;3;3;3;4;5;5;4;1;4;4;2;4;4;4;3;4;3;4;6;3;3;3;4;3;4;4;4;3;3;3;3;4;3;6;4;4;1;5;5;3
O86;2;Normalista;6;4;4;6;6;6;6;6;6;1;6;6;6;6;1;4;6;1;6;6;1;3;6;3;6;6;1;5;3;1;1;5;6;1;4;4;4;4;4;4;4;4;4;4;4;4;4;6;6;6;6;6;6;4
O87;2;Normalista;6;6;1;5;6;6;6;5;6;1;6;4;5;6;1;4;4;4;6;6;6;5;6;6;5;6;2;3;1;1;1;1;4;5;3;3;3;3;4;4;4;4;3;4;4;3;3;6;6;5;5;5;4;3
O88;2;Normalista;5;4;5;5;6;5;4;2;5;1;5;6;6;4;1;1;5;5;5;5;1;4;4;4;5;6;1;2;3;1;2;3;4;4;4;3;4;3;4;4;4;2;4;3;4;3;4;4;4;4;5;5;5;3
O89;2;Normalista;6;4;6;4;6;4;6;6;4;1;6;6;5;4;3;2;6;5;6;4;2;2;4;2;5;5;4;3;4;2;2;3;4;2;4;3;4;4;4;4;4;3;3;4;4;3;4;6;5;5;5;4;5;3
O90;2;Normalista;6;5;6;6;5;6;6;6;6;1;6;5;4;4;4;5;6;4;5;4;5;6;4;6;5;5;2;3;2;4;2;3;3;1;4;4;3;4;4;4;3;3;4;4;4;3;4;5;4;5;5;5;6;3
O91;2;Normalista;6;6;6;6;6;2;6;4;5;1;6;6;6;6;1;3;4;2;6;5;2;1;6;4;5;5;3;4;5;2;2;4;4;4;4;4;4;3;3;3;4;4;3;4;4;4;4;5;5;5;6;6;6;2
O92;2;Normalista;5;5;4;4;5;4;4;3;4;1;5;5;4;4;2;4;4;3;5;5;3;4;5;4;4;4;2;4;4;5;3;4;4;3;2;2;3;2;2;3;3;3;2;2;3;3;3;5;5;5;5;5;5;3
O93;2;Normalista;4;5;1;4;6;4;4;2;4;1;5;5;5;5;3;3;6;4;6;6;2;2;6;5;5;4;2;2;2;2;1;1;5;1;4;4;4;3;4;3;4;4;4;4;4;4;4;5;5;5;3;2;2;1
O94;2;Normalista;1;1;1;1;1;1;1;1;1;1;1;1;1;1;1;1;1;1;1;1;1;1;1;1;1;1;1;1;1;1;1;1;1;1;4;3;3;2;3;1;2;2;1;3;3;3;3;4;4;4;4;4;4;2
O95;2;Normalista;4;4;5;6;4;5;5;5;6;1;6;6;4;3;2;1;3;2;6;6;4;1;6;5;5;6;2;3;1;4;1;3;6;1;2;2;2;1;1;2;2;3;1;2;2;2;3;4;2;3;5;5;5;2
O96;2;Normalista;6;6;6;6;6;6;6;6;6;1;6;6;4;4;6;4;4;2;6;6;2;3;6;6;2;6;2;2;2;2;1;6;6;1;4;4;4;4;4;4;4;4;4;4;4;4;4;6;6;6;6;6;6;1
O97;2;Normalista;3;3;3;1;3;1;1;3;3;1;1;1;1;1;3;3;1;1;1;1;1;3;1;1;1;1;5;5;3;4;5;1;1;1;1;1;1;1;1;1;1;1;1;1;1;1;1;1;1;1;1;1;1;4
O98;2;Normalista;5;4;4;3;5;3;5;2;2;1;6;6;3;3;3;5;2;4;1;3;3;4;2;4;4;3;1;3;3;3;3;4;4;4;2;2;2;2;2;2;2;2;2;2;2;2;2;1;1;1;1;1;1;2
O99;2;Normalista;1;1;1;1;1;1;1;1;1;1;1;1;1;1;1;1;1;1;1;1;1;1;1;1;1;1;1;1;1;1;1;1;1;1;1;1;1;1;1;1;1;1;1;1;1;1;1;1;1;1;1;1;1;1
100;2;Normalista;5;5;5;5;6;5;5;5;5;1;5;5;5;5;1;2;4;1;5;5;4;2;5;4;5;5;3;3;2;2;1;3;4;4;4;4;4;4;4;4;4;4;4;4;4;4;3;5;6;6;6;6;6;3
101;2;Normalista;6;6;6;6;6;6;6;6;6;1;6;6;3;4;4;5;5;3;5;5;5;2;6;5;3;5;2;5;4;2;2;5;6;5;4;3;3;3;4;4;4;3;3;3;4;4;4;6;6;6;6;6;6;3
102;2;Normalista;5;5;6;6;6;4;5;5;5;1;5;5;5;4;2;3;2;2;6;3;3;3;5;5;6;6;2;3;2;2;1;5;4;1;2;2;2;2;2;2;2;2;2;2;2;4;4;3;3;3;3;3;3;2
103;2;Normalista;6;5;6;6;4;5;5;6;5;1;6;6;4;4;4;4;5;5;5;6;4;3;5;4;6;6;3;4;4;3;2;5;5;1;3;3;3;3;3;3;3;3;3;3;3;3;3;5;5;5;5;5;5;3
104;2;Normalista;3;4;5;5;5;5;5;5;6;1;6;6;4;5;5;4;5;4;6;5;4;5;6;5;5;5;3;3;3;3;3;4;4;4;3;4;3;3;3;3;3;3;3;2;3;4;4;5;4;4;5;5;5;3
105;2;Normalista;5;4;6;4;6;6;2;6;6;1;6;6;2;6;4;4;6;2;6;6;4;3;6;3;6;5;2;3;3;1;1;4;4;3;3;2;3;3;4;3;4;3;3;3;3;4;4;3;3;4;4;4;4;2
106;2;Normalista;4;2;6;6;6;6;2;6;6;1;6;4;4;6;3;3;2;6;6;3;3;6;6;6;6;2;2;2;3;2;2;6;5;4;4;4;4;4;4;4;4;4;4;4;4;4;4;5;4;6;6;6;6;3
107;2;Normalista;2;2;1;2;2;2;2;3;2;1;1;1;1;3;3;2;1;4;2;2;3;3;2;2;1;1;3;2;3;3;3;2;3;3;1;2;1;1;1;1;1;1;1;1;1;1;1;2;2;1;1;1;1;3
108;2;Normalista;3;1;2;1;1;1;1;1;2;1;1;1;2;2;3;1;1;1;1;1;2;5;2;2;1;1;4;4;1;2;4;3;1;1;1;1;1;1;2;1;1;2;1;1;1;1;1;1;2;1;1;1;1;3
109;2;Normalista;6;6;6;6;6;6;6;6;6;1;6;6;5;5;3;5;6;3;6;6;5;2;6;6;6;6;2;5;6;2;1;1;5;6;4;4;4;4;4;4;4;4;4;4;4;4;4;5;4;6;6;6;6;3
110;2;Normalista;6;4;5;4;6;6;6;5;4;1;6;5;3;5;4;3;6;3;6;6;1;3;5;5;5;6;1;3;3;2;1;4;6;4;3;3;4;4;4;4;4;4;2;3;4;4;4;5;5;5;5;5;5;3
111;2;Normalista;1;5;6;6;4;6;2;6;5;1;4;4;2;2;2;5;3;2;6;2;4;4;6;6;5;6;2;2;3;1;1;6;3;1;4;3;4;3;4;4;4;4;3;3;3;3;3;5;5;6;6;6;6;3
112;2;Normalista;2;5;6;6;5;6;5;4;5;1;4;6;5;6;2;4;6;4;6;6;5;1;4;6;3;5;3;6;2;2;3;3;6;6;3;4;4;2;4;4;4;3;3;2;3;3;4;4;6;3;6;6;6;2
113;2;Normalista;6;6;6;6;6;6;6;6;6;1;6;6;6;5;3;4;6;5;6;6;5;3;6;5;6;6;5;3;3;3;2;4;6;4;2;3;4;4;3;3;4;3;3;4;4;4;4;6;6;6;6;6;6;3
114;2;Normalista;4;4;4;4;4;4;4;5;5;1;4;4;3;4;3;3;4;3;4;3;4;3;3;3;3;3;3;3;3;3;3;3;3;3;2;2;3;3;3;3;3;2;2;2;2;3;3;2;2;2;4;4;4;1
115;2;Normalista;4;3;5;6;6;5;4;6;6;1;6;6;4;3;6;5;6;6;5;6;2;4;6;4;2;6;4;2;6;3;1;4;3;4;4;4;4;4;3;4;4;4;3;3;4;4;4;5;5;4;6;6;6;3
116;2;Normalista;5;6;4;1;3;4;4;4;6;1;5;5;3;4;2;4;4;5;5;6;3;4;4;4;6;4;3;4;4;4;2;5;5;2;3;3;4;4;4;4;4;4;4;4;4;4;4;6;5;6;6;6;6;3
117;2;Normalista;5;6;6;5;4;4;4;5;5;1;6;5;5;5;4;4;5;4;4;4;3;3;4;3;4;4;4;4;4;3;3;4;3;3;3;4;4;4;4;3;4;3;3;3;4;4;4;5;4;4;5;5;6;3
118;2;Normalista;5;5;4;3;5;4;4;5;5;1;5;5;4;6;2;3;4;3;5;5;4;5;5;4;5;4;4;3;4;3;3;3;4;2;4;3;4;3;4;4;4;3;4;3;4;4;4;6;5;5;6;5;6;3
119;2;Normalista;5;5;6;4;6;5;3;3;4;1;5;5;3;4;3;5;4;3;6;5;3;3;4;4;5;4;2;3;3;3;2;4;6;5;2;2;3;3;4;4;4;3;2;3;3;4;3;5;5;5;4;4;4;2
120;2;Normalista;5;6;6;6;6;6;6;6;6;1;6;6;5;6;4;4;6;6;6;6;6;6;6;5;5;5;4;4;6;4;4;6;6;6;4;4;4;4;4;4;4;4;4;4;4;4;4;6;5;5;5;4;5;2
121;2;Normalista;5;6;5;4;6;6;6;5;4;1;5;5;3;4;2;4;3;4;6;6;4;4;5;5;6;6;4;4;5;3;2;5;5;5;3;2;2;2;3;3;3;3;2;2;2;2;3;5;5;5;5;5;5;2
122;2;Normalista;2;3;1;4;2;2;1;3;4;1;1;1;5;2;3;6;6;2;3;1;1;6;1;3;1;1;2;4;3;4;6;1;1;3;3;2;1;1;1;1;1;2;1;1;1;1;1;2;3;1;1;2;2;2
123;2;Normalista;2;2;2;2;2;2;2;2;2;1;2;2;2;2;2;2;2;2;2;2;2;5;2;2;2;2;4;2;3;2;4;2;2;2;2;1;1;1;1;1;1;1;1;1;1;1;1;2;2;2;2;2;2;3
124;2;Normalista;6;6;6;6;6;6;5;6;6;1;6;6;6;5;6;5;5;6;5;5;6;5;5;5;6;6;6;6;6;5;6;6;5;5;4;4;4;4;4;4;4;3;3;4;4;4;4;6;5;6;6;6;6;4
125;2;Normalista;6;6;5;4;6;5;6;6;5;1;5;6;6;5;6;5;5;4;4;5;5;6;6;6;5;6;5;5;5;6;5;6;5;5;4;4;3;4;4;4;3;4;4;4;4;4;3;6;6;5;6;5;6;4
126;2;Normalista;2;3;2;1;2;2;2;1;3;1;2;1;2;2;4;3;2;3;1;1;3;3;2;2;1;2;5;4;4;6;6;1;4;5;1;1;2;2;2;1;1;2;2;3;1;2;2;2;3;1;2;1;1;2
127;2;Normalista;4;4;3;4;6;5;5;3;5;1;6;4;4;5;2;6;4;5;3;4;3;2;5;4;6;6;2;5;4;4;2;4;5;2;2;2;2;2;2;2;2;2;2;2;2;2;3;3;3;3;5;5;5;2
128;2;Normalista;6;6;4;6;6;6;6;1;6;1;5;6;1;6;1;6;1;1;6;6;6;6;6;6;6;6;1;3;6;1;1;3;1;1;4;4;4;4;4;4;4;4;4;4;4;4;4;6;6;6;6;6;6;3
129;2;Normalista;6;5;5;4;5;5;4;1;6;1;6;6;3;6;2;4;4;4;5;5;4;3;4;2;2;3;3;5;4;2;1;1;3;1;4;4;4;4;4;4;4;4;4;4;4;4;4;6;6;6;6;6;6;3
130;2;Normalista;2;3;4;5;6;2;3;4;5;1;6;5;4;4;4;4;4;4;3;4;3;4;3;4;4;4;2;4;4;2;1;4;3;1;3;3;4;3;4;3;3;2;4;3;3;3;3;4;3;4;3;3;4;2
131;2;Normalista;2;2;3;2;2;3;2;4;4;1;3;2;3;2;5;5;2;5;2;3;5;5;2;3;5;2;5;5;5;5;5;3;3;5;1;1;1;1;1;1;1;1;2;1;1;1;1;1;3;2;2;1;1;3
132;2;Normalista;6;6;4;5;6;6;4;6;2;1;6;6;6;6;2;2;6;6;6;6;1;2;6;6;2;4;2;3;4;2;3;4;4;5;4;4;4;4;4;4;4;4;4;4;4;3;3;4;3;6;6;6;6;4
133;2;Normalista;6;1;2;1;3;6;6;6;6;1;6;6;3;1;4;1;6;6;6;6;4;2;6;4;6;6;1;3;1;1;1;6;5;1;2;2;4;4;4;1;4;4;3;4;4;4;4;3;3;6;6;6;6;2
134;2;Normalista;5;3;4;4;6;4;6;2;6;1;5;6;4;6;1;3;5;3;6;3;5;2;5;5;2;3;1;5;3;4;1;3;5;1;2;3;2;3;3;4;4;4;2;3;3;4;3;3;6;4;4;5;5;2
135;2;Normalista;1;1;5;1;3;3;3;4;2;1;1;1;2;2;3;3;5;5;2;2;2;2;2;5;5;2;5;4;4;6;4;3;3;6;1;1;1;1;1;1;1;2;1;1;1;1;1;2;3;3;3;3;3;2
136;2;Normalista;1;4;4;5;3;4;4;5;6;1;6;5;3;2;3;3;4;5;5;5;4;4;5;5;6;6;2;3;2;1;1;4;4;1;3;4;4;4;4;3;3;3;2;3;4;4;3;6;6;6;5;6;6;3
137;2;Normalista;6;5;4;5;4;5;6;5;5;1;5;4;5;4;3;3;6;3;5;5;5;3;4;5;5;5;2;4;3;2;3;4;4;3;4;4;4;4;4;4;4;4;4;3;4;4;4;5;4;5;5;6;6;3
138;2;Normalista;6;2;6;6;6;6;6;6;6;1;6;6;6;6;2;6;6;2;6;6;2;6;2;4;6;5;2;6;6;6;3;6;6;2;4;4;4;4;4;4;4;4;4;4;4;4;4;6;6;6;6;6;6;4
139;2;Normalista;5;2;5;5;6;6;6;5;5;1;5;5;2;6;2;2;6;2;6;5;4;6;6;6;6;6;2;1;1;1;1;4;4;1;4;4;4;3;4;4;4;3;4;4;4;4;4;5;5;6;6;6;6;3
140;2;Normalista;1;1;2;2;1;1;2;2;2;1;1;1;3;2;4;4;2;5;1;1;1;2;2;3;1;1;4;3;3;5;5;5;3;4;1;1;1;1;1;1;1;1;2;1;1;1;2;1;2;2;2;2;1;3
141;2;Normalista;4;6;5;1;5;5;5;5;5;1;1;5;5;6;4;5;4;5;5;4;5;5;5;5;5;5;2;3;4;4;3;5;5;5;3;4;4;4;4;3;4;4;3;4;4;3;4;5;5;5;5;5;5;3
142;2;Normalista;2;1;1;2;1;2;1;2;3;1;2;2;3;2;4;4;3;4;1;1;4;4;2;1;1;1;5;5;5;6;6;6;3;6;2;2;2;2;2;2;2;2;2;2;1;1;1;1;1;1;2;2;2;3
143;2;Normalista;6;5;5;5;4;4;5;6;4;1;5;5;4;5;3;3;4;4;3;4;4;4;3;4;4;5;3;4;4;5;4;5;5;5;3;4;3;3;4;4;3;4;3;3;4;3;3;5;4;5;5;4;4;4
144;2;Normalista;3;3;2;1;3;3;2;2;2;1;2;2;3;3;4;4;3;4;2;3;4;4;2;2;1;1;4;4;4;4;5;3;4;5;1;1;1;1;1;1;1;1;1;1;1;1;1;2;2;2;2;2;2;2
145;2;Normalista;4;6;6;6;6;5;6;6;6;1;6;6;5;6;2;2;2;3;5;5;5;6;6;6;6;6;2;1;1;2;1;3;6;1;4;4;4;4;4;4;4;4;4;4;4;4;1;6;4;6;1;1;1;3
146;2;Normalista;5;6;5;4;6;5;6;5;5;1;5;5;5;5;2;3;6;5;6;5;5;2;6;5;4;4;3;4;3;3;1;4;5;4;3;3;3;2;4;3;3;2;4;4;4;4;4;5;5;5;5;5;5;3
147;2;Normalista;4;5;5;5;4;6;6;4;6;1;5;5;4;5;3;2;5;5;5;6;6;3;5;5;5;5;5;4;4;5;4;4;6;2;4;4;3;4;3;3;3;4;4;4;3;3;3;5;4;3;4;5;5;3
148;2;Normalista;6;6;6;5;6;6;6;5;5;1;5;5;6;6;1;5;5;1;6;6;3;5;6;6;1;6;2;2;1;1;1;3;2;1;4;4;4;4;4;4;4;4;4;4;4;4;4;6;6;6;6;6;6;3
149;2;Normalista;5;4;5;4;6;4;4;5;1;1;4;5;5;5;3;3;5;3;5;5;4;4;4;5;5;5;4;4;4;3;3;4;5;4;3;3;3;2;3;3;3;3;2;3;3;3;2;5;5;5;4;4;4;3
150;2;Normalista;6;6;6;6;6;6;6;6;6;1;6;6;1;6;3;6;6;4;6;6;6;1;6;6;6;6;1;6;6;1;1;6;4;4;3;3;4;3;4;3;3;3;3;4;4;4;4;5;5;6;5;5;5;3
151;2;Normalista;1;1;4;5;1;2;1;1;1;1;1;1;1;2;6;5;2;5;2;2;4;6;5;3;3;2;2;6;1;6;6;6;5;6;1;1;1;1;1;1;1;2;1;1;1;1;1;3;3;3;6;6;5;3
152;2;Normalista;5;6;4;6;4;4;5;6;5;1;6;6;3;5;4;6;4;6;5;6;4;2;4;5;6;6;2;2;2;2;2;3;3;2;2;2;4;4;4;4;4;3;4;4;4;4;4;4;3;2;5;5;6;2
153;2;Normalista;6;5;5;6;6;6;5;6;6;1;5;6;4;4;2;4;5;5;6;6;4;4;3;3;6;6;3;2;4;4;4;4;5;4;4;4;3;3;4;4;4;4;4;4;4;4;4;6;6;6;6;6;6;4
154;2;Normalista;5;5;5;5;5;5;5;5;5;1;5;5;4;5;4;1;5;5;5;5;5;5;5;5;5;5;2;3;4;5;2;2;5;3;4;4;4;4;4;4;4;4;4;4;4;4;4;5;5;6;5;5;5;4
155;2;Normalista;5;5;5;5;5;5;5;5;5;1;5;5;4;5;4;4;5;4;4;5;4;2;5;4;5;5;5;4;4;4;3;5;5;5;4;4;4;4;4;4;4;3;3;4;4;3;3;5;5;5;5;5;5;3
156;2;Normalista;5;6;5;6;5;6;4;4;4;1;6;6;3;4;1;6;6;3;6;3;4;1;6;4;6;6;1;4;6;1;1;6;3;1;4;4;4;4;3;4;4;4;4;4;4;4;4;4;6;6;6;6;6;3
157;2;Normalista;5;5;5;5;5;5;6;5;3;1;5;5;4;4;2;3;6;3;6;6;5;1;6;4;5;5;3;3;2;2;2;3;4;3;3;4;3;4;3;4;4;4;3;4;4;4;3;4;4;5;5;5;5;3
158;2;Normalista;2;1;2;2;3;2;6;5;4;1;2;3;1;3;6;5;3;5;1;1;4;5;2;2;2;2;5;3;5;6;6;3;2;6;2;1;2;2;1;1;2;2;2;2;1;1;1;2;3;1;2;3;3;3
159;2;Normalista;5;6;5;4;4;4;4;5;4;1;5;6;6;5;5;5;4;5;5;5;5;5;3;3;4;5;2;4;3;2;2;6;6;2;3;3;4;4;3;3;3;3;2;4;2;4;1;5;6;5;5;6;6;3
160;2;Normalista;1;1;1;1;1;1;1;1;1;1;1;1;1;1;1;1;1;1;1;1;1;1;1;1;1;1;1;1;1;1;1;1;1;1;1;1;1;1;1;1;1;1;1;1;1;1;1;1;1;1;1;1;1;1
161;2;Normalista;3;2;3;2;3;2;3;3;3;1;1;1;2;1;5;4;1;3;2;2;3;4;2;4;1;1;6;3;4;2;6;5;1;5;1;2;1;1;3;1;1;2;3;1;1;1;2;2;3;3;3;3;3;2
162;2;Normalista;6;5;5;5;4;5;4;1;4;1;6;6;4;4;2;3;5;4;5;6;6;3;5;6;6;6;5;4;4;5;3;4;5;5;3;3;3;3;4;4;4;4;4;4;4;4;4;6;5;5;5;5;5;3
163;2;Normalista;3;5;6;6;4;5;5;6;5;1;6;6;3;1;1;5;5;4;6;6;3;4;5;4;6;6;3;1;1;1;1;5;3;1;4;4;4;4;3;4;4;3;2;2;3;4;4;6;6;6;6;6;6;4
164;2;Normalista;5;4;6;5;6;5;6;6;5;1;5;6;3;5;2;3;4;2;5;5;4;2;5;5;4;4;2;3;3;6;1;5;4;1;2;2;2;3;2;2;2;2;2;2;2;2;2;3;5;4;1;5;5;1
165;2;Normalista;6;6;6;6;5;6;6;4;6;1;6;6;1;1;1;1;6;1;6;6;1;1;6;6;3;6;1;1;4;1;1;1;1;1;4;4;4;4;4;1;3;3;3;3;3;3;3;5;1;3;5;6;6;4
166;2;Normalista;5;5;6;4;6;6;4;1;4;1;6;6;2;2;2;3;3;2;6;5;3;2;6;5;3;6;2;5;5;2;2;5;6;3;1;3;2;3;3;2;2;2;1;1;2;2;2;2;2;4;4;4;4;1
167;3;Normalista;4;4;4;3;3;4;3;3;4;1;4;3;3;1;4;4;4;3;4;4;3;4;3;3;4;4;3;4;4;3;3;3;3;3;4;4;4;3;3;4;4;3;3;3;3;3;3;4;4;4;5;5;5;4
168;3;Normalista;1;2;4;4;5;5;5;5;5;1;5;5;2;3;2;2;4;3;6;4;4;4;5;4;4;4;2;2;3;3;1;4;5;3;4;4;4;4;4;4;4;4;4;4;4;4;4;4;5;5;5;5;5;1
169;3;Normalista;1;2;2;1;1;2;1;2;1;1;1;1;2;2;4;1;4;5;1;1;3;1;1;3;1;1;4;2;1;1;6;4;3;5;1;1;1;1;1;1;1;1;1;1;1;1;1;1;1;1;1;1;1;4
170;3;Normalista;2;3;5;1;2;3;4;2;2;1;2;1;3;1;2;3;1;3;4;2;3;2;1;2;1;3;4;4;3;4;2;3;2;3;1;1;2;1;1;2;1;2;2;2;3;2;1;2;2;1;2;1;1;4
171;3;Normalista;2;1;1;1;1;2;3;3;3;1;1;2;3;2;3;2;2;3;2;1;2;4;3;1;4;3;2;3;3;3;4;3;2;2;2;2;2;2;2;2;3;2;2;2;2;2;2;2;2;2;2;2;2;4
172;3;Normalista;5;4;4;4;4;5;4;6;6;1;6;6;2;6;3;3;4;4;5;6;1;5;5;6;6;6;4;6;6;4;5;4;4;3;4;3;4;4;4;4;4;4;4;4;4;4;4;6;4;5;5;5;5;2
173;3;Normalista;4;5;5;6;6;6;5;6;6;1;2;3;4;6;5;6;5;5;5;5;1;6;6;6;6;4;1;1;5;5;1;3;3;3;4;3;3;3;3;4;3;3;2;3;4;4;4;5;3;3;5;5;6;3
174;3;Normalista;6;5;4;4;6;6;6;6;5;1;6;6;5;6;1;4;5;4;6;6;4;2;2;4;6;5;3;3;5;1;1;6;5;2;3;3;3;2;1;2;3;4;1;2;2;3;2;5;5;5;6;6;6;4
175;3;Normalista;4;4;6;5;5;5;3;6;5;1;4;6;4;6;5;4;6;6;6;6;6;4;6;5;6;6;4;5;6;3;2;4;3;4;4;4;4;3;2;3;4;4;3;3;3;4;4;6;4;5;6;6;6;4
176;3;Normalista;5;3;6;5;6;5;5;6;5;1;6;6;3;3;2;1;6;2;6;5;5;2;5;5;5;5;2;3;2;1;1;6;4;2;3;4;4;3;4;4;4;4;4;4;3;4;4;5;5;5;6;6;6;3
177;3;Normalista;1;2;4;4;1;1;5;5;4;1;1;1;1;1;5;5;1;1;2;1;1;5;1;5;5;3;5;1;1;3;4;1;5;5;1;2;1;1;1;2;1;1;2;1;1;1;1;1;1;1;2;1;1;1
178;3;Normalista;4;6;6;5;6;4;5;5;4;1;6;4;6;5;3;3;5;3;6;2;5;5;4;3;6;6;2;3;6;3;1;5;6;6;3;4;4;4;2;3;4;4;2;3;4;4;4;4;3;5;6;6;6;3
179;3;Normalista;5;3;3;4;5;4;4;5;4;1;5;4;4;5;4;3;5;3;5;4;4;3;4;4;5;5;2;3;4;2;2;4;4;3;3;3;4;3;3;3;4;3;4;4;3;4;4;4;4;4;1;5;6;4
180;3;Normalista;1;3;1;2;3;1;3;1;2;1;2;2;6;6;5;4;5;3;1;4;5;3;4;4;2;1;3;4;4;5;4;3;6;3;3;3;3;2;4;2;3;3;2;2;4;2;3;4;4;1;4;5;6;4
181;3;Normalista;1;1;1;1;2;3;1;1;3;1;2;1;3;2;5;5;1;4;2;3;3;3;2;4;5;3;5;6;4;6;6;2;5;6;2;2;2;4;2;3;2;1;4;2;2;2;3;1;4;3;2;1;1;2
182;3;Normalista;5;6;4;5;4;5;5;2;6;1;6;5;5;5;1;2;5;1;6;6;5;1;6;5;2;2;1;1;4;4;1;6;6;1;4;4;4;3;4;4;4;4;2;4;4;4;4;6;6;6;5;6;6;4
183;3;Normalista;5;4;6;6;6;4;6;5;6;1;6;6;3;5;4;1;6;2;5;4;5;2;6;5;2;4;2;2;2;2;6;1;6;1;4;4;4;4;4;4;3;4;3;4;4;4;4;6;6;6;6;6;6;4
184;3;Normalista;1;1;1;1;1;1;1;1;1;1;1;1;1;1;1;1;1;1;1;1;1;1;1;1;1;1;1;1;1;1;1;1;1;1;1;1;1;1;1;1;1;1;1;1;1;1;1;1;1;1;1;1;1;1
185;3;Normalista;4;2;3;6;5;4;5;6;4;1;3;4;1;3;4;1;4;2;5;6;3;1;5;4;3;6;1;2;1;1;3;6;4;2;4;3;4;4;3;3;4;3;4;4;4;4;3;5;6;4;5;6;6;3
186;3;Normalista;6;6;6;6;6;6;6;4;6;1;5;5;5;5;1;3;5;3;6;4;4;2;3;4;4;4;1;3;3;1;1;3;5;3;4;4;4;3;3;4;3;2;3;4;4;4;4;5;4;5;5;5;6;2
187;4;Normalista;1;1;1;1;1;1;1;1;1;1;1;1;1;1;1;1;1;1;1;1;1;1;1;1;1;1;1;1;1;1;1;1;1;1;1;1;1;1;1;1;1;1;1;1;1;1;1;1;1;1;1;1;1;1
188;4;Normalista;1;1;1;1;1;1;1;1;1;1;1;1;1;1;1;1;1;1;1;1;1;1;1;1;1;1;1;1;1;1;1;1;1;1;1;1;1;1;1;1;1;1;1;1;1;1;1;1;1;1;1;1;1;1
189;4;Normalista;1;1;1;1;1;1;1;1;1;1;1;1;1;1;1;1;1;1;1;1;1;1;1;1;1;1;1;1;1;1;1;1;1;1;1;1;1;1;1;1;1;1;1;1;1;1;1;1;1;1;1;1;1;1
190;4;Normalista;1;1;1;1;1;1;1;1;1;1;1;1;1;1;1;1;1;1;1;1;1;1;1;1;1;1;1;1;1;1;1;1;1;1;1;1;1;1;1;1;1;1;1;1;1;1;1;1;1;1;1;1;1;1
191;4;Normalista;1;1;1;1;1;1;1;1;1;1;1;1;1;1;1;1;1;1;1;1;1;1;1;1;1;1;1;1;1;1;1;1;1;1;1;1;1;1;1;1;1;1;1;1;1;1;1;1;1;1;1;1;1;1
192;4;Normalista;1;1;1;1;1;1;1;1;1;1;1;1;1;1;1;1;1;1;1;1;1;1;1;1;1;1;1;1;1;1;1;1;1;1;1;1;1;1;1;1;1;1;1;1;1;1;1;1;1;1;1;1;1;1
193;4;Normalista;1;1;1;1;1;1;1;1;1;1;1;1;1;1;1;1;1;1;1;1;1;1;1;1;1;1;1;1;1;1;1;1;1;1;1;1;1;1;1;1;1;1;1;1;1;1;1;1;1;1;1;1;1;1
194;4;Normalista;1;1;1;1;1;1;1;1;1;1;1;1;1;1;1;1;1;1;1;1;1;1;1;1;1;1;1;1;1;1;1;1;1;1;1;1;1;1;1;1;1;1;1;1;1;1;1;1;1;1;1;1;1;1
195;4;Normalista;1;1;1;1;1;1;1;1;1;1;1;1;1;1;1;1;1;1;1;1;1;1;1;1;1;1;1;1;1;1;1;1;1;1;1;1;1;1;1;1;1;1;1;1;1;1;1;1;1;1;1;1;1;1
196;4;Normalista;1;1;1;1;1;1;1;1;1;1;1;1;1;1;1;1;1;1;1;1;1;1;1;1;1;1;1;1;1;1;1;1;1;1;1;1;1;1;1;1;1;1;1;1;1;1;1;1;1;1;1;1;1;1
197;4;Normalista;1;1;1;1;1;1;1;1;1;1;1;1;1;1;1;1;1;1;1;1;1;1;1;1;1;1;1;1;1;1;1;1;1;1;1;1;1;1;1;1;1;1;1;1;1;1;1;1;1;1;1;1;1;1
198;4;Normalista;1;1;1;1;1;1;1;1;1;1;1;1;1;1;1;1;1;1;1;1;1;1;1;1;1;1;1;1;1;1;1;1;1;1;1;1;1;1;1;1;1;1;1;1;1;1;1;1;1;1;1;1;1;1
199;4;Normalista;1;1;1;1;1;1;1;1;1;1;1;1;1;1;1;1;1;1;1;1;1;1;1;1;1;1;1;1;1;1;1;1;1;1;1;1;1;1;1;1;1;1;1;1;1;1;1;1;1;1;1;1;1;1
200;4;Normalista;1;1;1;1;1;1;1;1;1;1;1;1;1;1;1;1;1;1;1;1;1;1;1;1;1;1;1;1;1;1;1;1;1;1;1;1;1;1;1;1;1;1;1;1;1;1;1;1;1;1;1;1;1;1
201;4;Normalista;1;1;1;1;1;1;1;1;1;1;1;1;1;1;1;1;1;1;1;1;1;1;1;1;1;1;1;1;1;1;1;1;1;1;1;1;1;1;1;1;1;1;1;1;1;1;1;1;1;1;1;1;1;1
202;4;Normalista;1;1;1;1;1;1;1;1;1;1;1;1;1;1;1;1;1;1;1;1;1;1;1;1;1;1;1;1;1;1;1;1;1;1;1;1;1;1;1;1;1;1;1;1;1;1;1;1;1;1;1;1;1;1
203;4;Normalista;5;6;4;6;5;6;5;6;6;1;6;6;5;4;3;3;5;2;6;6;1;1;4;6;6;6;1;1;1;1;1;1;1;1;1;1;1;1;1;1;1;1;1;1;1;1;1;1;1;1;1;1;1;1
204;4;Normalista;1;1;1;1;1;1;1;1;1;1;1;1;1;1;1;1;1;1;1;1;1;1;1;1;1;1;1;1;1;1;1;1;1;1;1;1;1;1;1;1;1;1;1;1;1;1;1;1;1;1;1;1;1;1
205;4;Normalista;1;1;1;1;1;1;1;1;1;1;1;1;1;1;1;1;1;1;1;1;1;1;1;1;1;1;1;1;1;1;1;1;1;1;1;1;1;1;1;1;1;1;1;1;1;1;1;1;1;1;1;1;1;1
206;4;Normalista;1;1;1;1;1;1;1;1;1;1;1;1;1;1;1;1;1;1;1;1;1;1;1;1;1;1;1;1;1;1;1;1;1;1;1;1;1;1;1;1;1;1;1;1;1;1;1;1;1;1;1;1;1;1
207;4;Normalista;1;1;1;1;1;1;1;1;1;1;1;1;1;1;1;1;1;1;1;1;1;1;1;1;1;1;1;1;1;1;1;1;1;1;1;1;1;1;1;1;1;1;1;1;1;1;1;1;1;1;1;1;1;1
208;4;Normalista;1;1;1;1;1;1;1;1;1;1;1;1;1;1;1;1;1;1;1;1;1;1;1;1;1;1;1;1;1;1;1;1;1;1;1;1;1;1;1;1;1;1;1;1;1;1;1;1;1;1;1;1;1;1
209;4;Normalista;2;2;6;6;4;6;3;4;6;1;5;6;2;3;2;1;5;3;6;6;1;1;6;5;6;6;4;1;1;1;1;6;5;1;4;3;3;3;4;4;4;4;3;3;4;4;4;5;6;6;6;6;6;3
210;4;Normalista;1;1;1;1;1;1;1;1;1;1;1;1;1;1;1;1;1;1;1;1;1;1;1;1;1;1;1;1;1;1;1;1;1;1;1;1;1;1;1;1;1;1;1;1;1;1;1;1;1;1;1;1;1;1
211;4;Normalista;5;5;6;6;6;6;6;6;6;1;6;6;4;4;4;4;6;6;6;6;6;6;6;6;6;6;4;4;4;4;4;4;4;4;3;4;4;4;4;4;3;4;3;4;3;4;3;6;6;6;6;6;6;1
212;4;Normalista;4;3;5;5;5;6;6;6;6;1;5;5;2;2;2;4;6;5;5;6;2;2;4;5;6;6;1;3;3;1;2;4;5;4;3;3;3;3;4;4;4;3;3;3;3;4;4;6;6;6;6;6;6;3
213;4;Normalista;4;4;5;6;4;5;4;6;5;1;6;6;3;3;3;5;5;3;5;5;4;1;5;5;5;5;3;3;5;2;1;3;4;1;4;4;4;4;3;3;4;4;3;4;4;4;4;6;6;5;6;6;6;4
214;4;Normalista;5;6;5;6;5;6;5;4;6;1;6;5;4;5;3;4;1;1;1;1;1;1;1;1;1;1;1;1;1;1;1;1;1;1;1;1;1;1;1;1;1;1;1;1;1;1;1;1;1;1;1;1;1;1
215;4;Normalista;1;1;1;1;1;1;1;1;1;1;1;1;1;1;1;1;1;1;1;1;1;1;1;1;1;1;1;1;1;1;1;1;1;1;1;1;1;1;1;1;1;1;1;1;1;1;1;1;1;1;1;1;1;1
216;4;Normalista;6;6;1;1;1;2;6;1;1;1;1;1;6;1;6;5;1;6;1;1;1;1;1;1;1;1;5;6;5;6;6;1;6;5;1;1;1;1;1;1;1;1;1;1;1;1;1;1;1;1;1;1;1;4
217;4;Normalista;1;1;1;1;1;1;1;1;1;1;1;1;1;1;1;1;1;1;1;1;1;1;1;1;1;1;1;1;1;1;1;1;1;1;1;1;1;1;1;1;1;1;1;1;1;1;1;1;1;1;1;1;1;1
218;4;Normalista;1;1;1;1;1;1;1;1;1;1;1;1;1;1;1;1;1;1;1;1;1;1;1;1;1;1;1;1;1;1;1;1;1;1;1;1;1;1;1;1;1;1;1;1;1;1;1;1;1;1;1;1;1;1
219;4;Normalista;1;1;1;1;1;1;1;1;1;1;1;1;1;1;1;1;1;1;1;1;1;1;1;1;1;1;1;1;1;1;1;1;1;1;1;1;1;1;1;1;1;1;1;1;1;1;1;1;1;1;1;1;1;1
220;4;Normalista;1;1;1;1;1;1;1;1;1;1;1;1;1;1;1;1;1;1;1;1;1;1;1;1;1;1;1;1;1;1;1;1;1;1;1;1;1;1;1;1;1;1;1;1;1;1;1;1;1;1;1;1;1;1
238;6;Normalista;4;4;2;4;5;4;4;5;5;1;5;5;4;4;3;2;4;3;4;5;4;3;3;4;4;4;3;3;3;3;3;4;5;5;4;4;4;3;3;4;4;4;4;4;4;4;3;5;5;5;5;5;5;3
254;7;Normalista;2;2;6;1;1;2;3;2;2;1;2;1;1;1;6;2;2;2;2;1;1;1;1;1;1;1;1;1;1;1;1;1;1;1;1;1;1;1;1;1;1;1;1;1;1;1;1;1;1;1;1;1;1;1
256;7;Normalista;1;2;2;2;4;1;1;1;1;1;1;1;3;3;3;2;1;1;1;1;1;1;1;2;1;1;4;3;6;6;6;2;1;6;1;1;1;1;1;1;1;1;2;1;2;1;1;2;2;2;2;1;2;3
257;7;Normalista;5;5;4;4;5;5;5;1;6;1;1;1;3;2;4;1;1;1;2;2;4;5;4;3;1;1;5;4;2;5;4;1;1;4;1;2;1;1;1;1;1;1;1;1;1;2;1;1;5;2;4;3;2;4
258;7;Normalista;2;2;4;5;2;3;5;4;4;1;2;4;1;2;2;3;4;5;5;4;3;3;2;2;2;1;1;3;4;4;4;3;2;1;1;4;3;2;1;1;1;2;2;3;4;4;4;1;1;1;3;2;3;3
259;7;Normalista;6;6;6;6;6;5;6;5;5;1;5;5;4;4;5;5;5;6;6;5;5;4;6;6;6;5;4;5;4;4;5;5;6;6;1;1;1;3;1;2;3;3;3;3;3;3;3;1;1;1;1;1;1;1
261;7;Normalista;1;2;3;4;4;3;2;1;2;1;4;3;1;2;3;4;5;6;5;4;3;2;1;2;3;4;1;2;3;4;5;6;5;4;1;2;3;4;3;2;1;2;3;4;3;2;1;1;2;3;4;5;6;3
262;7;Normalista;1;3;1;1;2;3;1;1;3;1;1;4;1;4;1;2;1;1;2;1;3;1;1;1;1;2;1;2;1;2;2;1;1;2;2;1;1;1;1;1;1;1;1;1;1;1;1;1;1;1;1;1;1;1
263;7;Normalista;2;2;2;2;2;1;2;1;2;1;2;1;1;2;2;1;1;2;2;1;3;1;2;1;2;1;5;5;3;4;5;2;4;2;2;2;1;2;1;2;1;2;1;3;1;2;3;2;2;1;2;1;2;4
264;7;Normalista;2;2;3;3;3;3;2;3;1;1;3;3;5;4;3;5;2;4;3;4;2;3;3;4;3;4;3;2;3;2;3;3;2;3;2;2;2;2;3;2;2;3;1;2;3;1;3;1;2;1;1;1;1;3
265;7;Normalista;4;6;5;4;4;5;4;5;1;1;1;4;4;4;4;4;5;5;5;5;5;5;1;4;4;1;4;4;4;4;4;4;4;4;3;3;3;3;3;3;3;3;3;3;3;3;3;5;5;5;5;5;5;1
266;7;Normalista;5;5;5;5;5;4;4;4;5;1;4;5;5;6;4;3;4;5;5;3;3;3;4;5;4;5;1;1;1;1;1;1;5;1;3;3;3;2;1;3;3;3;2;3;4;3;4;5;3;3;5;5;5;2
267;7;Normalista;1;2;2;1;1;1;1;1;1;1;1;1;3;1;5;1;1;2;1;1;1;2;1;1;1;2;2;2;1;5;3;1;2;2;1;1;2;1;1;1;1;1;2;2;1;1;1;1;1;1;1;1;1;3
268;7;Normalista;6;5;6;5;6;6;6;5;5;1;6;6;4;6;5;4;5;5;6;6;5;4;6;5;6;6;4;4;6;5;2;4;6;2;4;4;4;4;3;4;4;4;4;4;3;4;4;6;6;6;6;5;6;4
269;7;Normalista;1;1;1;1;1;1;1;1;1;1;1;1;1;1;1;1;1;1;1;1;1;1;1;1;1;1;1;1;1;1;1;1;1;1;1;1;1;1;1;1;1;1;1;1;1;1;1;1;1;1;1;1;1;1
270;7;Normalista;5;2;6;6;5;6;5;4;5;1;6;6;3;6;2;4;5;2;6;6;4;2;6;6;5;6;4;5;3;3;3;6;6;4;4;4;3;4;3;2;4;3;4;3;3;3;3;6;6;6;4;6;5;3
271;7;Normalista;6;6;6;6;6;6;6;4;6;1;6;4;4;6;1;4;6;6;6;5;4;1;6;6;5;6;1;1;5;1;2;6;6;1;4;4;4;4;4;4;3;4;4;4;4;3;4;6;5;5;6;6;6;4
272;7;Normalista;6;6;5;6;6;5;5;5;6;1;6;5;4;5;1;5;5;5;5;4;4;2;5;4;5;5;4;4;5;3;4;5;6;4;2;3;3;2;3;2;2;3;3;2;3;3;4;4;4;5;5;5;4;3
273;7;Normalista;1;5;3;5;2;4;1;3;4;1;5;4;6;5;1;5;6;5;6;4;5;4;6;5;4;4;3;4;4;4;1;4;2;3;2;3;4;3;4;2;3;2;4;2;2;3;2;5;4;4;5;4;5;4
274;7;Normalista;2;2;2;1;3;2;1;1;2;1;2;2;4;2;4;4;4;2;2;2;4;3;2;2;2;2;2;2;3;1;3;5;4;2;1;2;2;2;3;1;2;2;1;2;1;2;2;2;2;3;2;1;1;3
275;7;Normalista;1;2;2;2;2;3;3;3;3;1;2;2;3;2;3;1;1;2;1;1;3;3;4;2;2;3;2;3;2;1;2;3;3;3;3;1;1;2;1;1;2;1;2;1;2;3;2;1;3;3;3;3;3;3
277;7;Normalista;1;1;1;1;2;3;3;2;4;1;2;2;3;2;4;4;2;3;1;1;3;4;3;3;3;1;4;4;4;3;6;2;3;4;1;1;1;1;1;1;1;1;2;2;1;1;1;3;3;2;2;2;2;3
278;7;Normalista;3;2;2;2;3;2;3;2;3;1;3;2;4;4;5;5;3;5;1;2;5;6;3;2;4;1;5;6;4;6;6;6;4;6;2;3;3;3;3;3;2;2;3;1;1;1;3;4;3;3;4;2;3;3
280;7;Normalista;4;4;4;4;5;4;5;5;5;1;5;4;4;4;4;4;5;4;4;5;4;4;4;5;5;5;4;3;3;3;3;4;4;3;3;3;4;3;3;3;3;3;3;3;3;3;3;3;4;4;4;4;4;3
281;7;Normalista;5;5;4;3;5;4;4;4;4;1;4;4;4;4;3;3;4;3;3;4;3;4;3;3;3;4;4;2;2;3;2;2;5;2;3;3;3;4;3;3;3;3;3;3;3;3;4;3;3;3;4;4;4;3
282;7;Normalista;2;1;1;1;2;1;1;2;1;1;2;1;1;2;1;2;1;1;2;1;1;2;1;2;1;2;1;2;1;2;1;2;1;2;1;2;2;1;2;1;1;1;2;1;2;1;2;1;2;1;2;1;2;2
283;7;Normalista;3;6;6;4;6;5;5;6;6;1;6;6;3;6;1;1;6;1;6;6;3;6;6;6;6;6;3;6;5;3;1;1;6;4;3;4;4;4;4;4;4;4;4;4;4;4;4;6;4;4;6;5;6;4
284;7;Normalista;1;1;1;1;2;1;1;2;1;1;1;1;1;1;1;2;2;2;1;1;1;1;1;1;1;2;1;1;1;1;1;1;1;1;1;1;1;1;1;1;1;2;2;2;1;1;1;1;1;1;1;2;2;2
285;7;Normalista;1;1;1;1;1;1;1;1;1;1;1;1;1;1;1;1;1;1;1;1;1;1;1;1;1;1;1;1;1;1;1;1;1;1;1;1;1;1;1;1;1;1;1;1;1;1;1;1;1;1;1;1;1;1
286;7;Normalista;6;6;5;1;5;5;5;5;5;1;5;6;6;5;6;5;5;5;5;5;6;6;6;5;6;5;5;5;6;6;6;5;6;6;3;4;4;4;4;4;1;3;3;4;4;4;4;5;6;5;5;6;6;1
287;7;Normalista;5;4;5;6;5;5;5;5;5;1;6;6;4;5;4;4;6;6;5;5;6;6;6;5;5;5;5;1;2;2;1;2;4;1;4;4;4;4;4;3;4;3;4;4;4;4;4;5;5;6;5;6;5;3
288;7;Normalista;6;5;5;6;5;6;4;5;6;1;6;5;5;3;1;2;5;6;6;6;3;1;5;5;6;5;2;2;5;1;1;6;6;1;3;4;4;4;4;4;4;4;4;3;4;3;4;6;4;6;6;6;6;3
289;7;Normalista;4;5;4;5;5;5;4;3;2;1;4;4;1;3;2;4;4;6;6;6;5;5;4;4;5;5;2;3;4;5;6;6;6;5;4;4;3;3;4;3;3;4;3;4;3;4;3;3;4;4;4;6;6;1
290;7;Normalista;5;5;5;5;5;5;5;5;5;1;5;5;5;5;5;5;5;5;5;5;5;5;5;5;5;5;5;5;5;5;5;5;5;5;3;3;3;3;3;3;3;3;3;3;3;3;3;5;5;5;5;5;5;3
291;7;Normalista;6;6;5;5;6;2;5;2;5;1;5;5;5;5;2;4;6;1;6;3;6;1;6;4;1;3;2;5;1;1;1;5;4;4;4;4;3;3;4;3;4;4;3;4;4;3;4;6;5;5;4;5;6;4
292;7;Normalista;4;4;4;4;4;4;4;4;4;1;4;4;3;4;5;3;4;5;4;4;4;1;4;4;4;4;3;4;4;4;4;4;4;4;3;3;3;3;3;3;3;3;3;3;3;3;3;4;4;3;4;4;4;3
293;7;Normalista;6;6;6;6;6;6;6;6;6;1;6;6;4;6;4;5;6;6;6;6;5;5;5;6;6;5;4;5;6;6;1;5;6;4;4;4;4;4;3;4;4;4;3;4;4;4;4;6;5;6;6;6;6;4
294;7;Normalista;2;1;6;1;3;3;1;3;3;1;3;2;3;3;3;5;4;4;3;3;6;1;3;3;3;3;4;5;4;5;6;3;1;5;3;2;2;2;2;3;3;3;3;1;3;2;2;1;3;3;3;2;2;3
295;7;Normalista;4;4;5;4;5;4;5;5;5;1;4;5;4;4;4;4;4;2;5;5;3;2;6;3;6;6;3;3;3;1;1;4;1;1;4;3;3;3;4;4;4;3;4;3;3;4;4;3;4;3;4;4;4;3
296;7;Normalista;4;3;3;4;4;3;3;4;1;1;2;4;3;4;3;4;2;4;6;3;4;3;3;2;4;2;3;4;3;4;2;3;2;4;2;3;2;3;2;3;3;1;3;1;4;2;3;2;3;5;4;3;4;3
297;7;Normalista;6;6;3;4;3;5;3;5;3;1;3;4;5;4;5;1;3;5;3;5;3;5;3;5;3;5;5;4;5;3;5;6;4;3;3;2;3;2;3;2;3;2;3;3;3;3;3;5;4;5;5;5;5;2
298;7;Normalista;5;1;4;3;6;3;5;5;4;1;5;5;4;4;5;5;5;4;4;5;4;5;5;5;6;5;3;3;4;2;2;5;5;4;4;3;3;4;4;4;3;3;3;4;4;3;3;5;5;5;4;5;5;3
299;7;Normalista;1;1;1;1;1;1;1;1;1;1;1;1;1;1;1;1;1;1;1;1;1;1;1;1;1;1;1;1;1;1;1;1;1;1;1;1;1;1;1;1;1;1;1;1;1;1;1;1;1;1;1;1;1;1
300;7;Normalista;1;1;5;2;1;1;2;1;2;1;2;3;1;1;1;1;1;2;1;3;3;5;4;1;3;4;5;5;3;5;5;2;1;4;2;1;2;3;1;3;1;2;3;2;1;2;1;1;3;3;1;2;2;4
301;7;Normalista;2;3;2;2;2;1;3;1;1;1;1;1;2;3;5;4;2;3;1;1;3;1;1;2;2;3;4;4;3;4;3;3;1;2;2;2;2;2;1;1;1;1;2;2;1;1;1;1;2;2;2;2;1;3
302;7;Normalista;3;3;3;2;2;3;1;6;6;1;6;6;1;6;1;1;1;1;5;1;6;6;3;3;1;1;1;1;2;1;1;4;1;1;4;3;4;1;1;2;4;4;4;4;4;1;4;1;1;1;1;1;1;1
303;7;Normalista;4;2;1;1;3;1;2;4;4;1;1;1;3;2;4;1;3;5;1;1;4;4;1;1;5;1;5;3;5;3;2;2;2;3;2;2;1;1;1;1;1;2;2;1;1;1;2;3;2;3;5;4;3;2
304;7;Normalista;4;4;4;4;5;4;4;4;4;1;5;5;2;1;2;1;3;2;2;1;4;1;2;3;3;3;3;2;3;3;2;3;2;2;1;1;2;2;1;1;2;1;1;1;2;3;2;1;1;2;1;2;1;2
305;7;Normalista;6;5;4;5;4;4;4;5;5;1;5;5;5;6;3;6;6;5;5;5;5;1;5;5;6;5;5;1;5;1;1;5;6;1;4;4;3;3;3;3;4;3;3;3;3;3;3;6;5;6;6;5;6;3
306;7;Normalista;5;6;4;6;6;5;5;6;5;1;5;6;5;6;4;5;6;5;6;5;6;4;6;5;6;5;5;6;5;5;6;4;6;5;3;1;4;3;3;3;3;4;3;3;4;3;4;6;5;5;1;6;5;2
307;7;Normalista;2;5;3;3;5;1;2;4;2;1;3;3;1;3;2;2;2;5;5;4;3;1;4;4;5;5;6;4;4;5;4;1;3;4;3;3;2;3;4;3;2;3;2;3;3;2;2;1;3;2;2;4;3;1
308;7;Normalista;6;6;6;6;6;6;6;6;6;1;6;6;4;4;2;2;5;1;6;6;6;6;6;6;6;6;1;3;4;1;1;4;5;2;4;4;4;4;4;4;4;4;4;4;4;4;4;5;5;5;6;6;6;3
309;7;Normalista;6;5;6;4;4;1;6;4;5;1;4;5;4;6;2;4;6;2;6;4;5;4;3;5;4;5;3;5;1;3;4;5;4;3;2;4;3;3;1;4;3;2;3;4;2;3;4;6;5;4;3;2;1;2
310;7;Normalista;2;2;2;2;2;3;3;2;3;1;3;2;2;3;4;3;2;3;2;2;3;3;3;3;3;2;4;4;4;4;4;4;3;3;2;2;1;2;2;2;1;1;1;1;1;1;1;2;2;2;2;2;2;3
311;7;Normalista;5;4;5;6;6;6;5;6;5;1;6;6;3;6;1;3;6;4;6;6;5;5;4;6;6;6;5;4;4;3;2;6;6;6;4;3;2;3;4;2;2;2;1;3;4;1;4;6;5;4;4;5;5;3
312;7;Normalista;4;4;4;4;4;4;4;4;4;1;4;4;4;4;4;4;4;4;4;4;4;4;4;4;4;4;3;3;4;3;3;4;3;4;3;3;3;3;3;3;4;3;3;3;3;3;3;4;4;4;4;3;4;3
314;7;Normalista;2;4;3;4;3;3;1;1;3;1;1;2;4;1;4;4;1;3;1;1;4;4;3;2;1;1;4;4;3;5;5;3;2;5;2;1;1;2;1;1;1;1;2;2;2;2;2;1;1;1;2;1;1;4
315;7;Normalista;5;4;6;4;5;6;5;6;5;1;5;6;5;5;4;6;4;5;6;4;6;5;4;6;5;6;5;4;6;5;6;5;6;5;4;1;3;1;4;3;4;3;3;4;3;4;4;5;6;6;5;6;6;2
316;7;Normalista;1;1;2;1;1;2;1;1;1;1;1;2;1;1;2;2;2;1;1;1;1;2;2;1;1;2;1;1;2;2;2;2;1;1;1;2;2;2;1;1;1;1;1;2;1;2;2;1;2;2;2;1;2;1
317;7;Normalista;1;3;2;1;1;1;1;1;1;1;1;1;5;3;1;3;1;2;2;1;2;1;2;2;1;2;3;3;3;4;6;3;1;3;1;1;1;1;2;1;1;1;1;1;1;1;1;1;2;1;1;1;1;3
318;7;Normalista;1;1;5;4;1;1;1;1;1;1;1;1;4;3;4;3;1;6;1;2;4;6;2;4;3;2;4;5;4;5;5;5;3;5;1;1;1;1;1;1;1;1;2;1;1;1;1;1;1;1;2;1;2;3
319;7;Normalista;2;5;5;5;5;5;5;5;5;1;5;5;5;5;2;5;6;6;6;2;5;5;5;5;5;5;1;1;1;1;1;1;5;1;3;3;3;3;2;4;2;3;1;3;3;1;3;5;1;4;5;5;5;3
320;7;Normalista;2;2;3;3;1;1;2;1;2;1;2;2;3;3;5;5;2;5;2;2;4;5;2;2;2;2;5;5;5;5;6;2;6;6;2;2;2;2;1;3;3;3;3;3;3;4;4;5;6;6;6;6;6;2
321;7;Normalista;2;4;4;3;3;4;3;2;5;1;3;5;3;4;2;1;4;4;4;3;5;3;5;4;3;3;2;4;3;3;3;4;3;4;2;2;1;3;3;2;3;3;2;3;2;3;2;2;3;4;4;3;3;2
322;7;Normalista;6;6;5;5;6;4;4;4;5;1;5;6;5;6;5;1;4;4;6;5;5;4;5;5;6;5;2;1;3;3;1;4;6;5;4;4;4;3;4;4;3;3;3;3;4;4;3;5;6;4;5;5;5;4
323;7;Normalista;1;1;3;6;1;1;4;1;6;1;2;6;1;3;6;2;1;6;1;3;5;2;1;4;1;4;1;3;2;6;1;3;6;1;1;3;3;1;3;1;1;3;2;4;2;1;4;1;6;1;2;3;6;3
324;7;Normalista;4;1;6;4;6;4;4;4;6;1;6;6;3;6;1;4;6;4;4;4;6;1;6;1;6;6;1;6;5;2;5;5;5;5;3;3;3;4;4;4;4;4;3;3;4;4;4;5;4;6;6;6;6;4
325;7;Normalista;5;5;4;5;6;6;5;5;4;1;5;6;3;5;3;1;4;4;5;4;4;2;1;3;3;4;2;2;3;2;1;5;5;3;3;4;4;3;4;3;4;4;3;4;4;3;4;4;4;4;3;4;2;3
326;7;Normalista;3;4;6;5;3;5;5;6;6;1;6;6;2;3;2;4;5;3;6;6;4;3;6;5;6;6;1;2;2;2;2;3;4;4;2;3;3;2;3;3;3;3;2;3;3;3;4;5;4;5;4;5;5;3
327;7;Normalista;5;3;6;6;6;6;6;3;3;1;3;6;1;4;3;1;3;4;3;4;4;6;5;5;5;5;2;4;1;1;1;3;6;1;4;4;4;4;4;4;3;3;2;2;3;4;2;6;4;6;6;6;6;3
1129;7;Normalista;1;2;3;4;5;5;5;4;5;1;4;5;4;5;5;4;4;4;4;5;5;3;3;5;3;3;4;4;3;3;3;4;4;4;3;3;3;3;3;3;3;3;3;3;3;3;3;5;4;4;5;5;4;3
329;7;Normalista;5;1;2;6;4;5;5;5;4;1;6;6;1;6;1;4;5;5;5;6;5;2;3;5;4;6;3;1;3;1;2;6;5;2;4;4;4;4;4;4;4;3;4;4;4;4;4;6;4;6;6;6;6;4
330;7;Normalista;1;1;2;3;2;3;3;2;3;1;3;2;4;2;5;6;1;5;2;2;4;6;3;4;2;2;5;4;4;4;4;3;3;3;1;2;3;2;2;2;2;2;3;2;2;2;2;2;2;2;3;2;2;3
331;7;Normalista;4;4;4;3;3;3;6;6;4;1;5;5;4;4;2;3;4;4;3;4;4;3;3;4;5;5;3;4;4;3;3;4;5;3;3;3;3;3;4;3;3;4;3;3;3;4;4;4;4;4;3;4;5;3
332;7;Normalista;1;2;2;2;2;5;2;4;2;1;1;2;3;3;5;4;3;3;2;4;4;5;2;2;1;2;5;4;3;5;5;2;2;5;2;2;2;2;2;1;1;2;3;2;2;1;1;3;2;2;2;3;2;3
333;7;Normalista;5;6;5;5;4;4;3;3;1;1;3;3;1;5;2;2;4;1;3;1;3;1;5;4;4;5;2;2;2;3;1;2;3;2;2;4;3;2;2;3;4;4;3;2;1;1;3;4;5;4;4;5;5;3
334;7;Normalista;6;5;4;5;6;5;6;6;4;1;6;6;3;6;3;4;6;3;6;6;3;3;5;4;5;6;3;3;3;1;1;2;3;3;3;3;2;2;4;3;3;3;2;3;2;4;2;5;3;5;6;6;6;3
335;7;Normalista;1;3;2;5;1;6;4;3;2;1;2;3;3;2;6;6;1;1;1;2;4;2;2;6;2;4;6;4;3;6;6;1;3;4;1;2;1;2;1;2;1;3;1;1;1;1;2;2;3;1;1;1;1;3
336;7;Normalista;5;6;2;2;6;3;6;1;5;1;6;6;4;6;2;1;6;2;6;6;6;1;6;4;5;6;3;4;5;1;2;3;4;1;4;3;4;3;4;4;3;2;4;3;4;4;4;6;4;5;6;6;6;3
337;7;Normalista;1;1;2;2;1;1;1;2;1;1;1;1;2;2;3;3;2;1;1;2;1;4;1;3;3;2;2;3;2;2;3;2;3;2;2;3;3;3;4;4;3;3;2;3;2;4;2;3;3;4;3;4;3;2
338;7;Normalista;5;5;3;4;4;3;3;4;4;1;5;5;5;5;2;3;4;3;4;5;4;2;5;4;4;4;4;3;3;1;3;4;4;3;3;3;3;3;2;2;2;3;2;3;2;3;3;4;5;5;4;4;5;3
339;7;Normalista;3;4;2;4;2;3;3;2;3;1;2;2;3;2;3;3;1;2;2;2;3;3;2;2;1;2;2;2;2;2;3;3;3;3;2;2;2;2;2;2;2;2;2;2;2;2;2;2;2;2;2;2;2;3
340;7;Normalista;5;6;6;6;6;4;6;4;5;1;6;6;4;6;4;4;6;4;6;4;4;1;6;5;5;6;1;6;3;5;2;3;6;4;4;4;4;4;4;4;4;4;4;4;4;4;4;6;5;5;5;5;5;3
341;7;Normalista;6;6;6;6;6;6;6;6;5;1;6;6;4;6;2;5;4;5;5;5;5;4;6;5;5;6;4;5;4;4;4;4;5;5;3;3;4;4;4;4;4;4;4;4;4;4;4;5;5;5;5;5;5;2
342;7;Normalista;6;6;1;1;6;2;6;5;6;1;6;1;6;5;4;2;5;5;5;5;5;3;3;4;4;3;6;3;4;3;1;1;6;6;4;3;4;3;4;3;3;3;4;4;4;4;3;1;4;4;4;4;4;3
343;7;Normalista;2;1;2;2;6;1;2;2;2;1;1;1;2;2;2;5;2;6;3;2;4;6;1;3;1;1;5;2;5;3;6;3;3;6;1;1;1;2;1;1;1;2;2;2;2;2;3;1;3;2;3;2;2;3
344;7;Normalista;1;1;1;1;1;2;1;1;1;1;1;1;1;1;5;3;1;3;1;1;1;4;1;4;1;1;2;3;4;1;5;3;1;3;1;1;1;1;1;1;1;1;1;1;1;1;1;2;1;1;1;1;1;3
345;7;Normalista;3;2;3;1;2;5;6;1;6;1;5;6;4;3;2;2;2;2;5;4;3;2;2;3;1;2;2;3;4;3;3;3;5;5;3;3;3;4;4;4;4;4;3;3;4;4;4;3;3;3;4;4;4;3
346;7;Normalista;4;5;6;6;6;6;5;6;5;1;4;6;4;6;1;1;6;2;6;6;6;4;4;4;3;5;1;1;1;1;1;2;3;1;3;3;4;3;4;3;4;3;3;4;4;3;3;5;2;5;5;6;6;3
347;7;Normalista;6;6;1;3;1;1;6;4;3;1;6;6;5;1;1;1;1;1;4;6;6;6;6;6;6;6;1;3;1;1;1;6;6;1;4;3;4;4;4;4;4;3;1;3;4;4;4;6;6;6;6;6;6;4
348;7;Normalista;6;6;5;5;6;6;6;6;5;1;5;5;4;3;2;4;5;3;6;5;4;2;5;5;6;5;2;2;2;2;2;3;2;3;3;3;3;3;3;3;3;3;3;3;3;3;3;5;4;5;5;5;5;3
349;7;Normalista;4;6;5;6;6;6;5;6;4;1;6;4;5;4;1;4;5;4;6;6;1;1;6;4;6;5;2;3;4;4;1;3;5;5;3;3;3;3;4;4;4;4;3;2;2;2;1;6;6;6;5;6;6;3
350;7;Normalista;5;5;5;5;5;5;4;4;4;1;4;5;4;3;4;4;4;4;4;4;4;4;4;5;5;5;4;5;4;4;5;5;5;4;3;3;2;3;3;3;3;3;3;3;2;3;3;5;5;5;4;4;5;4
351;7;Normalista;4;6;5;4;5;6;4;4;6;1;5;6;2;3;2;4;5;4;6;6;1;2;6;5;6;6;2;3;3;1;1;3;4;4;3;2;2;3;3;2;2;1;2;2;3;3;3;4;3;3;4;4;5;2
352;7;Normalista;1;1;1;1;1;1;1;1;1;1;1;1;1;1;1;1;1;1;1;1;1;1;1;1;1;1;1;1;1;1;1;1;1;1;1;1;1;1;1;1;1;1;1;1;1;1;1;1;1;1;1;1;1;1
353;8;Normalista;5;1;6;6;1;5;5;6;5;1;5;6;1;1;1;1;1;1;1;1;1;1;1;1;1;1;1;1;1;1;1;2;5;1;2;3;3;3;3;3;3;3;3;3;3;3;3;1;1;1;1;1;1;4
354;8;Normalista;1;4;6;6;4;5;4;5;5;1;4;5;2;3;2;3;4;4;3;5;4;1;6;5;6;4;1;3;4;3;1;4;6;1;3;4;3;4;2;3;3;3;2;2;4;4;3;4;5;5;5;5;5;3
355;8;Normalista;4;4;6;6;6;5;4;4;5;1;6;6;3;3;6;3;4;2;4;6;1;1;4;4;4;4;1;4;4;2;1;5;4;1;3;4;4;4;4;4;4;4;4;4;4;4;4;6;6;6;6;6;6;3
356;8;Normalista;4;4;6;6;1;5;4;1;5;1;6;6;4;1;5;2;2;1;6;6;4;3;4;3;6;6;3;3;2;2;1;4;4;2;4;3;4;3;3;3;4;3;4;4;4;4;4;6;4;4;3;5;5;3
357;8;Normalista;3;6;6;5;3;4;5;5;6;1;6;5;6;6;4;4;6;5;6;5;3;1;6;5;6;5;2;4;6;4;4;5;6;5;4;3;4;3;4;3;3;3;2;3;3;3;4;6;4;4;3;3;3;2
358;8;Normalista;4;4;5;5;5;5;5;5;4;1;1;5;3;3;3;3;3;3;3;3;3;3;3;3;3;3;4;4;4;4;4;4;4;4;3;3;3;3;3;3;3;3;3;3;3;3;3;3;3;3;3;3;3;4
359;8;Normalista;6;5;1;6;6;6;6;6;6;1;6;6;4;1;6;1;3;3;4;5;1;1;6;6;6;6;1;1;1;1;1;6;3;1;3;4;4;3;4;4;4;4;3;3;4;4;4;5;5;5;5;5;5;2
360;8;Normalista;1;1;2;1;2;1;2;2;1;1;2;1;1;3;2;1;2;1;1;1;1;1;1;2;2;2;4;1;2;1;1;1;1;1;1;1;1;1;1;1;1;1;1;1;1;1;1;2;2;2;2;2;2;3
361;8;Normalista;6;6;4;4;6;4;6;4;4;1;6;6;6;3;4;4;4;6;6;6;5;5;5;5;6;6;3;3;4;1;2;3;5;1;4;4;4;4;4;4;4;4;4;3;3;4;4;6;4;4;4;4;4;3
362;8;Normalista;2;3;5;4;3;5;4;5;6;1;6;5;3;3;3;3;5;3;5;5;2;2;4;5;5;5;3;2;4;2;1;5;4;1;3;3;4;4;2;3;4;4;4;4;4;4;4;5;5;5;5;5;5;3
363;8;Normalista;4;2;5;5;2;4;3;5;4;1;3;6;1;1;1;3;3;3;4;6;4;1;5;4;6;6;3;1;2;1;1;1;1;1;4;4;4;4;3;3;4;3;2;4;4;4;4;6;6;5;1;6;6;3
364;8;Normalista;6;5;1;6;6;6;6;6;6;1;6;6;1;1;1;3;3;3;3;3;4;3;3;3;3;3;6;5;5;5;6;5;6;5;3;3;4;4;3;4;3;3;3;4;4;4;4;4;1;3;3;3;2;3
365;8;Normalista;4;6;6;6;2;5;3;6;6;1;5;5;3;4;1;3;2;2;6;6;1;1;3;4;5;3;3;5;3;1;2;3;6;1;3;4;3;3;4;3;4;3;1;4;4;2;2;3;5;4;4;5;6;2
366;8;Normalista;5;5;1;1;3;1;3;1;3;1;3;3;6;6;5;6;6;6;1;1;4;1;4;1;1;1;6;6;6;6;6;4;3;6;2;2;1;1;1;1;1;1;1;1;1;1;1;2;3;1;1;1;1;3
367;8;Normalista;5;4;6;5;6;5;5;6;6;1;5;6;1;1;1;1;1;1;1;1;1;1;1;1;1;1;4;3;4;5;3;1;5;4;4;1;1;3;3;4;4;4;3;4;4;4;4;1;1;1;1;1;1;3
368;8;Normalista;2;2;2;2;2;2;2;2;1;1;1;1;3;4;5;4;1;1;1;1;2;4;2;2;1;1;4;3;3;4;5;3;1;2;1;1;1;1;2;1;1;2;2;1;1;1;1;1;2;1;1;1;1;3
369;8;Normalista;5;4;6;6;5;5;6;5;6;1;5;6;2;4;4;4;4;2;5;5;5;6;5;5;5;5;2;2;3;2;1;6;4;1;4;4;4;4;4;4;4;4;4;4;4;4;4;6;5;6;5;6;6;3
370;8;Normalista;4;4;4;4;3;4;4;4;4;1;3;4;3;3;2;2;3;2;6;3;3;3;6;4;3;5;2;3;2;1;1;1;1;1;4;3;3;3;2;4;3;4;3;3;3;3;2;3;4;3;4;4;4;4
371;8;Normalista;1;1;1;1;1;1;1;1;1;1;1;1;1;1;1;1;1;1;1;1;1;1;1;1;1;1;1;1;1;1;1;1;1;1;1;1;1;1;1;1;1;1;1;1;1;1;1;1;1;1;1;1;1;1
372;8;Normalista;5;6;5;5;5;5;5;5;5;1;5;5;3;1;1;2;1;1;6;6;1;4;6;6;1;6;2;2;2;2;2;2;2;2;4;4;4;4;4;4;4;4;4;4;4;4;4;5;5;5;5;5;5;3
373;8;Normalista;2;3;6;6;5;4;4;5;6;1;5;6;3;4;2;2;5;1;6;4;3;1;6;4;5;6;1;3;5;1;2;6;6;5;3;4;3;2;4;4;3;1;1;3;3;4;4;6;6;4;5;6;6;3
374;8;Normalista;1;1;1;1;1;1;1;1;1;1;1;1;1;1;1;1;1;1;1;1;1;1;1;1;1;1;1;1;1;1;1;1;1;1;1;1;1;1;1;1;1;1;1;1;1;1;1;1;1;1;1;1;1;1
375;8;Normalista;3;5;5;5;4;4;5;4;3;1;3;3;2;4;2;4;3;3;3;3;3;1;1;1;5;5;4;4;5;1;1;5;2;1;3;2;3;3;1;3;4;1;4;3;3;4;4;6;6;6;6;6;6;4
376;8;Normalista;4;4;5;5;2;5;2;6;6;1;6;4;2;4;4;2;6;3;6;6;2;1;6;6;6;6;1;1;6;1;1;6;6;1;3;3;4;4;4;4;4;4;3;4;4;4;4;3;5;5;5;5;5;4
377;8;Normalista;6;6;1;1;1;1;6;1;5;1;2;2;6;6;6;6;4;3;1;1;3;6;4;1;1;1;2;5;5;6;6;6;5;6;1;1;1;1;2;1;1;2;1;1;1;1;1;1;2;2;2;2;2;1
378;8;Normalista;5;6;6;5;6;2;3;6;2;1;6;5;3;4;3;4;3;4;3;4;3;4;3;4;4;4;3;3;3;3;3;3;3;3;2;2;2;2;2;2;2;2;2;2;2;2;2;3;3;4;4;4;4;3
379;8;Normalista;3;5;1;1;2;2;3;2;2;1;2;2;2;2;2;2;2;2;2;2;2;2;2;2;2;2;2;2;2;2;2;2;2;2;1;1;1;1;1;1;1;1;1;1;1;1;1;2;2;2;2;2;2;3
380;8;Normalista;1;2;1;1;1;1;1;1;1;1;1;1;2;1;1;1;2;2;2;2;1;2;1;2;1;1;2;1;2;1;1;2;2;1;2;1;2;1;2;2;1;2;1;2;2;2;2;1;2;1;2;1;1;3
381;8;Normalista;1;3;5;6;4;5;3;6;6;1;4;4;1;1;1;1;1;1;1;1;1;1;1;1;1;1;1;1;1;1;1;1;1;1;1;1;1;1;1;1;1;1;1;1;1;1;1;1;1;1;1;1;1;1
382;8;Normalista;3;3;6;6;5;5;5;6;6;1;6;6;3;3;3;3;3;3;4;4;4;3;4;4;3;4;3;3;4;3;2;4;4;2;3;4;4;4;4;4;4;4;4;4;4;4;4;3;3;3;3;6;6;4
383;8;Normalista;1;1;1;1;1;1;1;1;1;1;1;1;1;1;1;1;1;1;1;1;1;1;1;1;1;1;1;1;1;1;1;1;1;1;1;1;1;1;1;1;1;1;1;1;1;1;1;1;1;1;1;1;1;1
384;8;Normalista;6;6;6;6;4;6;5;6;6;1;5;5;3;3;6;4;4;2;6;6;1;1;6;6;5;6;3;3;3;1;1;6;2;1;4;4;4;4;4;4;4;3;3;3;4;4;4;6;6;6;6;6;6;3
385;8;Normalista;4;2;6;6;4;4;4;5;4;1;2;2;2;2;2;2;4;2;6;6;4;1;5;5;5;5;4;3;3;2;2;2;2;2;3;3;4;4;3;4;4;4;3;3;4;3;3;5;5;4;4;5;5;3
386;8;Normalista;1;3;1;1;2;2;2;1;2;1;2;1;3;1;2;3;1;2;1;1;1;3;3;1;1;2;2;3;2;3;1;1;4;4;1;1;1;1;2;1;1;1;1;1;1;1;1;1;1;1;1;1;1;3
387;8;Normalista;5;1;4;6;6;6;6;6;5;1;5;5;3;6;5;5;6;6;6;5;5;5;4;5;5;5;6;5;6;6;6;6;6;5;4;4;4;4;4;3;3;3;3;3;3;3;3;5;5;5;5;6;6;3
388;8;Normalista;5;3;6;6;6;5;6;6;5;1;6;6;2;5;6;6;6;1;1;1;1;1;1;1;1;1;1;1;5;1;1;4;6;4;3;4;4;4;4;4;4;3;3;3;4;3;3;1;1;1;1;1;1;1
389;8;Normalista;4;3;1;1;1;3;1;1;1;1;3;2;1;1;1;1;1;1;1;1;1;1;1;1;1;1;4;5;5;5;5;3;5;5;1;1;1;1;1;1;1;1;1;1;1;1;1;1;1;1;1;1;1;1
390;8;Normalista;6;6;6;6;6;2;5;6;6;1;2;6;1;1;1;1;1;1;1;1;1;1;1;1;1;1;1;1;1;1;1;1;1;1;4;4;1;3;3;4;4;4;1;1;4;4;1;1;1;1;1;1;1;1
391;8;Normalista;6;6;6;6;6;6;6;6;6;1;6;6;1;1;1;1;1;1;1;1;1;1;1;1;1;1;1;1;1;1;1;1;1;1;4;4;4;4;4;4;4;4;4;4;4;4;4;1;1;1;1;1;1;1
392;8;Normalista;4;3;5;5;4;4;5;5;5;1;6;5;1;1;1;1;1;1;1;1;1;1;1;1;1;1;1;1;1;1;1;1;1;1;4;4;4;3;4;3;4;4;3;3;4;4;4;1;1;1;1;1;1;1
393;8;Normalista;5;6;4;5;6;4;5;4;5;1;5;5;4;6;6;3;5;3;6;6;4;4;4;4;5;6;5;5;5;4;4;5;6;6;4;3;4;4;4;1;4;4;3;4;4;4;4;6;6;6;6;6;4;4
394;8;Normalista;6;6;6;4;4;6;5;6;6;1;6;6;3;4;3;3;4;3;4;4;4;3;4;4;4;4;3;3;3;3;1;4;3;3;4;4;4;4;4;4;4;4;4;4;4;4;4;6;6;6;5;5;5;3
395;8;Normalista;6;4;5;6;5;5;4;5;5;1;5;5;5;5;5;4;5;4;4;5;4;1;4;4;4;4;5;2;3;3;5;3;6;6;3;3;4;3;4;3;4;3;4;3;4;4;3;5;5;6;6;5;5;2
396;8;Normalista;4;5;6;6;4;6;5;6;6;1;6;6;1;1;1;1;1;1;1;1;1;1;1;1;1;1;1;1;1;1;1;1;1;1;4;4;4;1;1;1;1;1;1;1;1;1;1;1;1;1;1;1;1;1
397;8;Normalista;5;6;4;4;6;3;4;3;6;1;6;6;6;6;3;3;6;3;6;6;6;3;3;4;4;4;1;3;1;3;3;4;6;4;2;3;3;2;2;3;3;3;3;3;3;3;3;5;5;5;5;4;5;3
398;8;Normalista;5;6;6;6;4;6;4;6;5;1;6;6;5;4;3;2;5;3;6;5;3;1;6;4;6;6;2;3;2;2;2;5;5;3;3;4;3;3;2;4;4;3;3;3;3;4;4;6;4;6;5;6;6;3
399;8;Normalista;5;6;2;1;6;5;5;4;4;1;5;5;2;5;4;2;4;3;4;5;4;3;5;5;4;5;2;3;3;3;1;4;5;5;2;1;1;3;3;4;4;3;4;3;3;4;3;5;4;2;6;5;5;3
400;8;Normalista;5;5;6;6;4;4;4;5;5;1;4;5;1;3;1;1;5;1;5;5;4;4;6;6;6;5;1;1;2;3;1;6;6;2;4;4;4;1;4;3;4;4;4;4;4;3;4;5;5;5;6;6;6;3
401;8;Normalista;3;4;6;5;6;4;6;6;6;1;5;5;4;3;2;2;5;3;6;5;3;1;5;3;5;5;1;2;3;2;1;5;4;2;4;3;4;3;2;3;4;4;2;3;4;4;4;5;5;5;5;5;5;3
402;8;Normalista;3;3;3;4;4;3;3;3;4;1;3;4;4;5;4;5;4;3;4;3;4;3;4;5;5;5;4;5;5;3;4;5;5;5;3;3;4;3;3;4;3;4;3;4;3;2;3;6;4;5;4;5;4;3
403;8;Normalista;4;4;6;6;1;1;5;6;6;1;5;5;4;2;6;3;6;5;6;6;4;2;4;6;6;5;3;4;1;1;1;5;3;4;4;4;4;4;4;4;4;4;4;4;4;4;4;6;6;5;6;6;6;2
404;8;Normalista;5;4;5;6;4;5;3;6;5;1;5;4;3;2;4;1;4;3;4;6;4;3;3;4;4;3;4;3;4;1;1;3;1;1;4;3;4;3;4;1;3;4;4;4;3;4;4;2;4;3;4;3;5;3
405;8;Normalista;5;2;6;6;6;6;6;6;6;1;6;6;1;6;6;1;2;5;6;6;5;6;6;6;5;6;2;2;2;1;1;5;2;1;4;4;4;4;4;4;4;4;4;4;4;4;4;6;6;6;6;6;6;4
406;8;Normalista;4;5;5;3;5;5;5;5;5;1;5;5;3;5;2;4;5;2;6;6;2;1;6;4;5;5;5;4;4;4;3;5;5;1;3;3;3;3;3;3;4;3;2;3;3;3;4;5;5;4;4;5;5;1
407;8;Normalista;5;3;4;5;4;5;3;5;5;1;5;4;4;3;4;2;5;4;6;6;5;4;4;5;6;6;4;2;4;2;1;3;3;1;3;3;2;2;4;3;4;4;4;4;3;3;4;5;5;4;4;4;5;3
408;8;Normalista;2;3;6;5;4;5;4;6;5;1;4;5;1;2;4;1;3;3;5;3;4;1;5;3;6;5;2;1;3;1;1;3;1;1;4;3;4;3;3;4;3;4;4;4;3;4;4;5;4;4;5;4;4;3
409;8;Normalista;3;4;4;5;6;6;6;6;6;1;6;5;3;3;4;3;4;4;5;5;3;1;5;5;5;6;2;3;5;3;5;6;6;3;4;4;4;3;3;4;4;4;3;3;3;3;3;6;6;6;6;6;6;3
410;8;Normalista;5;4;6;6;6;6;6;5;6;1;5;6;4;5;4;4;4;5;5;6;3;2;5;4;6;5;2;4;2;3;2;5;5;3;4;4;4;4;4;3;4;4;4;4;4;4;4;5;5;5;6;6;6;3
411;8;Normalista;5;5;6;4;3;6;4;4;4;1;5;6;3;4;3;4;4;4;6;4;4;4;4;4;4;4;5;3;5;3;3;4;3;3;4;4;4;3;4;4;3;4;3;3;4;2;4;6;6;6;6;5;5;3
412;8;Normalista;4;5;5;5;1;4;4;4;4;1;5;6;4;4;4;4;4;3;6;6;4;5;4;4;1;3;3;2;3;3;1;3;3;1;2;2;3;3;3;3;3;2;3;3;3;3;3;4;4;3;4;4;4;2
413;8;Normalista;6;3;6;6;4;6;6;6;6;1;6;5;1;1;4;2;6;4;6;6;4;1;6;6;6;6;1;1;1;1;1;1;1;1;1;1;1;1;1;1;1;1;1;1;1;1;1;1;1;1;1;1;1;1
414;8;Normalista;5;3;6;6;5;5;4;5;4;1;4;4;3;3;2;1;6;3;6;5;3;3;6;6;6;6;2;3;3;2;1;3;4;3;3;2;3;3;2;2;2;2;2;2;2;2;2;6;6;6;5;6;6;3
415;9;Normalista;6;6;6;6;5;6;6;6;6;1;6;6;2;6;2;5;6;5;6;5;1;2;6;2;6;5;6;5;5;4;2;6;5;2;4;4;4;4;4;4;4;4;4;4;4;4;4;6;5;6;5;5;5;4
416;9;Normalista;4;5;3;4;6;3;3;4;4;1;5;5;5;4;3;5;5;5;4;4;5;4;4;5;5;6;4;5;6;6;5;6;3;3;3;4;3;4;3;3;4;3;4;3;3;2;3;4;2;5;5;6;5;3
417;9;Normalista;6;6;6;6;6;6;6;6;6;1;6;6;6;6;2;1;6;6;6;5;6;2;6;6;6;6;4;4;6;4;4;6;4;6;4;4;4;4;4;4;4;4;4;4;4;4;4;6;6;6;6;6;6;4
418;9;Normalista;6;3;4;4;4;4;4;3;4;1;4;3;3;4;3;4;4;3;4;4;4;3;3;4;4;4;4;3;4;4;3;4;3;3;3;3;3;3;3;3;3;3;3;3;3;3;3;5;5;5;5;5;5;3
419;9;Normalista;6;6;5;6;6;6;6;4;4;1;6;6;6;6;2;4;6;5;5;1;6;4;6;6;6;5;4;4;5;5;4;4;5;4;4;4;4;4;3;3;3;4;4;4;3;4;1;5;5;5;6;6;6;3
420;9;Normalista;6;6;5;6;6;6;6;6;6;1;6;6;5;4;2;4;6;3;6;6;5;1;6;2;6;5;2;3;3;3;1;2;5;2;4;4;4;4;4;4;4;4;4;4;4;4;4;6;6;6;6;6;6;4
421;9;Normalista;5;4;6;6;2;4;4;6;5;1;5;6;4;3;1;1;5;3;6;6;3;5;6;6;6;6;1;1;3;1;1;6;1;1;1;1;1;1;1;1;1;1;1;1;1;1;1;1;1;1;1;1;1;1
422;9;Normalista;6;6;6;6;6;6;6;6;6;1;6;6;4;6;3;3;6;6;5;6;5;3;1;6;5;6;4;5;5;5;5;6;5;6;4;4;4;4;4;4;4;4;4;4;4;4;4;4;4;4;4;4;4;1
423;9;Normalista;1;2;6;6;6;6;6;5;5;1;6;6;3;6;1;1;6;2;6;5;3;2;5;4;3;6;1;3;4;1;1;2;3;2;4;3;4;2;2;2;3;3;1;2;1;2;3;5;3;5;5;5;5;4
424;9;Normalista;5;6;4;5;6;5;6;4;5;1;6;6;3;5;2;3;5;3;6;5;4;2;4;3;5;5;2;3;3;3;2;6;5;4;4;4;4;3;4;4;4;4;4;3;4;4;4;5;5;5;5;5;5;3
425;9;Normalista;4;3;4;5;6;4;5;4;6;1;4;6;3;6;2;2;4;2;6;6;2;2;6;6;6;6;2;2;2;1;2;5;4;2;3;3;2;1;4;4;4;4;4;4;3;4;4;3;3;3;3;3;3;3
426;9;Normalista;5;5;4;1;2;1;4;3;3;1;4;1;4;4;4;1;1;2;5;4;4;3;4;4;4;5;1;2;2;2;1;1;4;1;3;3;3;2;1;1;2;2;3;2;2;3;4;4;4;5;4;4;4;3
427;9;Normalista;6;5;1;4;6;5;6;3;5;1;5;5;5;6;2;4;6;6;6;6;5;4;6;4;4;5;1;4;3;1;1;4;5;3;3;3;3;3;3;3;3;3;3;3;3;3;3;5;5;5;5;5;5;2
428;9;Normalista;4;5;4;3;4;1;4;3;4;1;4;5;3;5;4;5;4;4;5;6;4;5;4;5;4;5;5;4;4;4;3;1;4;4;3;3;1;3;3;3;4;3;1;3;3;3;4;3;4;4;4;4;4;2
429;9;Normalista;5;6;2;5;6;6;6;3;6;1;6;6;6;6;2;4;4;2;6;6;3;1;6;6;6;6;1;3;3;3;2;4;5;5;2;3;3;2;4;4;4;3;1;1;4;2;4;4;5;2;5;5;5;2
430;9;Normalista;5;6;3;4;5;2;4;2;2;1;4;4;2;5;2;3;6;3;5;4;3;2;4;4;4;5;1;1;2;2;1;4;5;2;2;2;1;1;3;3;3;3;2;2;3;3;3;4;1;5;5;5;4;2
431;9;Normalista;4;4;4;4;4;4;4;4;4;1;4;4;2;3;2;3;4;3;5;5;3;3;4;4;3;4;3;4;3;3;2;4;4;4;4;4;4;4;3;3;4;4;3;4;4;4;3;4;4;5;4;4;4;3
432;9;Normalista;2;2;5;3;5;3;4;2;2;1;2;1;5;3;4;4;2;2;2;3;4;5;2;2;2;2;4;4;4;5;5;3;2;4;1;2;1;3;1;1;1;2;2;2;2;1;2;2;3;3;2;2;2;2
433;9;Normalista;1;1;1;1;1;1;1;1;1;1;1;1;6;6;6;6;6;6;6;6;6;6;6;6;6;6;1;1;1;1;1;1;1;1;4;4;4;4;4;4;4;4;4;4;4;4;4;1;1;1;1;1;1;1
434;9;Normalista;6;5;5;5;5;5;6;6;6;1;6;6;4;5;6;5;5;5;3;5;4;1;5;5;4;4;5;5;2;1;1;2;3;5;3;3;2;3;3;3;3;3;3;3;3;3;3;4;5;5;4;5;1;2
435;9;Normalista;1;2;6;6;6;6;6;6;6;1;6;3;2;2;3;2;5;4;6;6;3;1;6;6;6;6;2;5;4;1;3;5;3;1;4;4;4;4;4;4;4;4;4;4;4;4;4;6;6;6;6;6;6;4
436;9;Normalista;2;2;2;2;2;2;2;2;2;1;2;2;2;2;2;2;2;2;2;2;2;2;2;2;2;2;2;2;1;2;1;1;2;3;2;2;1;2;1;1;2;1;1;2;2;2;1;1;2;1;2;2;1;1
438;9;Normalista;5;3;5;6;3;4;3;4;4;1;5;5;2;3;4;3;5;3;6;4;4;2;5;4;4;5;3;2;2;1;1;5;3;1;3;3;4;4;4;4;4;3;3;3;3;3;2;5;3;4;4;5;5;3
439;9;Normalista;2;4;4;4;4;4;4;4;4;1;6;6;3;4;4;3;3;3;4;4;4;4;4;4;4;4;3;3;4;4;3;3;4;4;3;3;2;3;3;3;3;3;3;3;3;3;3;5;5;5;5;5;5;2
440;9;Normalista;4;5;5;5;5;5;6;5;4;1;5;5;3;3;2;2;3;3;5;5;4;3;5;5;4;5;4;3;4;3;2;4;4;2;2;2;3;3;3;2;3;2;1;2;3;2;3;4;4;4;4;4;4;3
441;9;Normalista;4;4;5;4;5;5;4;5;5;1;4;4;4;4;1;3;4;2;6;3;3;4;6;4;4;5;2;3;2;5;3;4;2;4;4;4;4;4;4;4;4;4;4;3;4;4;4;5;5;3;5;5;5;3
442;9;Normalista;5;5;6;6;5;5;5;4;5;1;5;5;4;4;3;2;4;2;6;6;3;2;5;4;4;4;3;2;3;1;1;3;4;3;3;3;4;4;4;4;4;3;3;4;4;4;4;5;5;5;6;6;5;3
443;9;Normalista;1;1;1;1;5;1;1;1;1;1;2;2;2;1;5;5;1;5;1;1;1;5;5;1;1;1;5;5;5;5;5;2;1;1;1;1;1;1;1;1;1;1;1;1;1;3;1;1;4;4;4;4;4;3
444;9;Normalista;5;6;5;6;6;5;5;6;6;1;6;6;4;6;4;5;6;3;6;5;2;4;5;5;6;5;2;3;4;2;1;5;3;1;3;4;4;4;2;4;4;4;4;4;4;4;4;4;4;5;2;4;4;3
445;10;Licenciado;6;6;6;6;6;6;6;6;6;1;6;6;5;6;1;6;6;6;6;6;6;1;3;4;6;6;1;6;6;1;1;1;6;6;4;4;4;4;4;4;4;4;4;4;4;4;4;1;1;1;1;1;1;1
446;10;Licenciado;3;5;6;5;4;4;5;5;5;1;6;6;4;5;2;4;4;4;5;5;4;2;6;5;5;6;2;2;2;2;2;4;4;2;4;4;3;3;4;3;3;3;3;3;4;4;4;6;6;6;4;5;5;4
447;10;Licenciado;4;6;6;4;6;5;5;6;6;1;4;5;1;1;1;1;3;2;5;4;3;1;5;4;3;3;4;4;4;3;1;1;1;1;3;3;3;2;1;2;3;2;3;3;2;3;3;4;4;4;4;4;4;2
448;10;Licenciado;5;5;6;6;4;6;4;6;6;1;5;6;5;4;3;2;5;4;6;3;1;2;6;2;6;6;1;1;4;3;1;6;4;1;4;3;4;3;3;3;2;2;1;2;2;1;4;4;2;2;5;6;6;3
449;10;Licenciado;4;4;6;6;2;6;6;6;6;1;5;4;3;4;2;2;4;3;6;5;3;2;6;6;4;6;2;2;2;3;1;1;2;2;2;2;2;2;2;2;2;2;2;2;2;2;2;2;1;2;2;4;2;2
450;10;Licenciado;5;5;5;5;5;5;4;5;5;1;5;5;5;5;2;5;5;5;5;5;4;4;4;3;5;5;3;3;3;3;3;3;5;4;3;4;4;3;2;3;3;3;3;3;3;3;3;4;4;4;4;4;4;3
451;10;Licenciado;6;6;6;6;6;6;6;6;6;1;6;6;4;4;1;1;6;6;6;6;5;1;6;6;6;6;3;1;1;1;1;1;6;1;3;4;4;4;4;4;4;4;4;4;4;4;4;5;5;5;5;5;5;4
452;10;Licenciado;5;4;4;4;3;5;6;3;5;1;6;6;6;5;1;2;6;1;6;6;2;3;5;6;5;6;5;1;6;1;1;6;4;4;4;4;4;4;4;4;4;4;4;4;4;4;4;4;6;6;6;5;6;1
453;10;Licenciado;6;6;5;6;6;6;5;6;5;1;6;5;5;5;6;6;1;5;5;6;5;5;5;6;6;6;5;4;6;6;3;5;5;4;4;3;1;4;4;4;4;4;3;4;4;4;4;6;6;6;6;6;6;4
454;10;Licenciado;2;5;6;6;6;5;6;5;6;1;6;6;2;5;1;2;3;2;6;5;3;3;6;5;5;5;3;1;1;3;1;3;3;2;4;4;4;4;4;4;4;4;3;4;4;4;3;6;6;6;6;6;6;4
455;11;Licenciado;4;2;5;5;5;5;5;6;5;1;5;5;1;4;1;1;3;1;5;5;5;1;3;6;4;5;5;4;5;5;1;6;5;5;3;3;3;3;3;3;3;3;1;3;2;2;2;3;3;3;3;3;3;3
457;11;Licenciado;5;5;4;4;3;5;5;6;5;1;4;4;5;5;6;3;3;4;4;5;3;4;4;3;3;4;5;5;4;4;3;4;5;5;4;3;3;4;4;3;3;4;3;4;3;4;2;5;4;1;4;5;4;3
458;11;Licenciado;4;4;3;3;4;3;4;3;5;1;5;5;4;4;4;4;3;3;1;5;3;4;5;5;5;4;3;3;3;4;4;4;5;5;3;3;3;4;3;3;2;2;2;2;2;3;3;3;3;4;4;4;3;3
459;11;Licenciado;3;3;3;4;6;6;6;6;6;1;6;4;1;5;1;5;5;2;4;4;3;2;5;4;3;5;3;6;2;2;1;3;5;4;3;3;3;3;3;3;3;1;2;3;2;3;3;4;4;4;5;5;4;3
460;11;Licenciado;5;4;6;5;1;4;5;5;4;1;4;5;1;4;3;3;6;5;6;5;4;5;4;5;6;6;5;4;6;5;5;5;6;5;3;3;3;4;3;3;4;3;2;3;3;4;3;5;4;5;4;5;4;3
461;11;Licenciado;4;5;6;6;6;6;6;6;5;1;6;6;3;6;1;2;6;1;6;6;4;2;4;6;6;6;6;4;2;1;1;5;1;1;4;4;4;3;4;4;4;3;4;4;3;2;2;5;5;6;6;4;4;3
462;11;Licenciado;1;1;6;6;3;6;6;6;6;1;3;6;1;6;1;1;4;2;6;6;3;3;6;4;3;6;4;2;4;3;1;6;4;6;4;4;4;4;4;4;4;4;4;4;3;4;4;6;5;5;5;4;4;3
463;11;Licenciado;6;5;6;5;6;5;5;6;5;1;6;6;5;4;4;1;6;6;6;5;1;1;6;6;6;5;2;6;6;5;2;6;5;5;4;4;4;3;3;4;3;1;4;4;4;3;4;6;5;5;5;5;5;3
464;11;Licenciado;5;5;5;5;5;5;5;5;5;1;5;5;4;5;3;6;6;3;6;6;6;6;6;6;6;6;5;5;5;3;4;5;5;5;4;3;4;3;3;4;3;3;4;4;3;4;3;5;5;5;5;5;5;4
465;11;Licenciado;3;2;4;5;3;5;4;5;5;1;5;4;2;3;2;2;4;4;3;4;4;4;5;4;5;4;2;3;3;3;1;4;2;2;3;3;4;3;3;4;4;3;3;3;4;4;4;4;3;4;4;4;5;3
466;11;Licenciado;5;4;5;4;4;3;4;5;5;1;5;4;4;3;3;3;4;3;5;4;4;4;4;5;5;5;3;3;4;3;3;4;3;3;4;4;3;3;4;4;4;3;4;4;4;3;4;5;4;5;5;5;5;3
467;11;Licenciado;6;6;5;5;6;6;6;6;6;1;6;6;4;4;4;1;5;3;4;5;4;5;5;5;4;5;2;2;3;2;1;2;2;1;3;3;2;3;3;3;2;3;3;3;4;3;3;5;4;6;3;5;4;3
468;11;Licenciado;4;3;3;3;4;3;3;5;4;1;3;5;3;3;2;2;3;2;5;4;3;2;4;5;3;3;3;3;3;3;4;4;3;5;2;3;3;3;2;3;3;2;3;3;3;2;3;4;4;4;1;3;3;3
469;11;Licenciado;5;5;6;6;5;6;6;6;6;1;6;6;4;6;1;4;5;5;6;6;5;1;6;6;6;6;4;4;4;4;2;6;6;3;3;4;4;4;4;4;3;3;3;3;3;3;3;3;5;4;4;3;3;2
470;11;Licenciado;4;3;6;6;5;4;3;6;4;1;6;6;1;5;1;1;1;1;6;5;4;2;2;2;1;6;1;1;1;1;1;1;1;1;4;4;4;4;4;4;4;4;3;3;3;3;3;4;5;4;5;5;5;4
471;11;Licenciado;4;4;5;4;6;5;6;5;4;1;5;4;4;4;4;5;3;4;5;4;5;3;4;5;4;5;2;2;3;2;1;2;2;1;3;3;2;3;3;3;3;3;3;3;4;3;3;4;4;4;5;4;4;3
472;11;Licenciado;2;3;6;5;3;4;4;6;6;1;5;5;3;3;2;2;3;4;6;6;1;2;5;5;5;6;2;3;3;3;1;2;3;2;3;4;2;1;4;2;3;2;3;3;3;3;4;2;2;2;5;3;4;3
473;11;Licenciado;3;2;5;2;5;1;4;6;6;1;6;6;2;3;1;3;6;5;6;5;6;6;6;5;5;6;2;2;2;2;1;5;2;2;4;4;4;4;4;4;4;4;4;4;4;4;4;5;6;5;5;5;5;4
474;11;Licenciado;2;3;4;3;4;4;3;4;3;1;4;4;3;3;3;3;3;3;4;3;3;3;4;4;4;4;3;3;3;3;3;3;3;3;3;3;3;3;3;3;3;3;3;3;3;3;3;4;4;3;3;3;3;2
475;11;Licenciado;5;5;3;3;5;5;1;4;4;1;6;5;3;6;3;2;6;5;5;4;5;2;4;5;2;6;4;5;4;2;2;6;6;4;4;4;1;3;3;3;4;4;4;3;4;4;4;5;5;5;5;5;5;3
476;11;Licenciado;5;5;5;4;4;5;4;6;6;1;6;5;4;4;4;3;3;3;5;5;3;4;4;5;5;5;3;3;3;3;3;4;3;4;4;3;4;4;3;2;3;3;3;3;3;3;3;5;4;4;5;5;5;3
477;11;Licenciado;5;6;6;5;5;6;6;6;5;1;6;5;5;6;1;3;6;4;6;5;4;4;4;5;5;5;2;3;6;6;2;6;3;3;3;3;3;3;3;3;3;3;2;3;4;3;3;6;4;4;4;4;4;3
478;11;Licenciado;4;4;6;6;5;5;3;6;6;1;5;4;3;3;3;4;6;5;6;6;2;5;6;5;4;6;1;5;5;1;1;5;3;1;4;4;4;4;4;4;4;4;4;4;4;4;4;5;5;5;5;5;5;4
479;11;Licenciado;5;5;6;6;3;6;5;6;6;1;5;5;4;4;3;4;5;4;6;6;5;2;6;6;4;5;3;4;5;3;1;6;4;4;3;3;4;3;3;4;4;3;3;3;4;4;4;5;5;5;5;5;5;3
480;11;Licenciado;3;1;6;6;3;5;2;6;5;1;5;5;3;4;1;4;5;1;6;5;2;3;6;5;5;6;3;2;4;1;1;5;2;4;3;4;4;3;4;4;4;4;3;3;3;4;3;5;2;4;4;4;4;3
481;11;Licenciado;4;3;6;6;3;6;6;6;6;1;4;4;3;2;1;3;5;2;6;6;4;1;6;4;2;6;1;4;3;1;1;6;3;3;4;4;3;4;4;4;3;4;2;2;4;4;4;6;6;5;3;6;6;4
482;11;Licenciado;4;5;4;6;3;6;6;6;5;1;5;5;4;4;4;4;5;3;6;5;3;3;5;5;6;6;2;2;3;2;2;5;6;6;4;4;3;4;4;3;4;4;3;3;4;4;4;4;5;5;5;6;6;4
483;11;Licenciado;3;4;6;6;1;6;5;5;4;1;5;5;2;3;1;3;3;3;1;4;3;1;5;5;5;5;1;4;1;1;1;3;4;1;3;2;2;1;3;1;1;3;1;1;2;2;2;4;5;3;1;1;1;3
484;11;Licenciado;5;4;4;5;3;6;4;6;6;1;6;4;4;2;2;2;3;2;6;6;3;2;5;6;5;6;2;2;1;1;1;4;2;1;2;2;4;3;4;2;3;3;1;3;3;2;3;4;6;4;4;3;3;3
485;11;Licenciado;5;5;5;5;5;5;5;5;5;1;5;5;2;3;4;4;6;3;4;5;4;4;5;4;5;5;4;5;4;3;3;4;5;5;4;4;4;3;3;3;4;4;3;3;4;4;3;4;5;4;3;4;5;3
486;11;Licenciado;5;4;6;5;5;5;5;5;4;1;3;6;3;4;1;1;4;6;5;5;4;4;4;4;5;6;5;3;4;4;2;4;3;5;2;4;3;3;4;3;3;4;3;2;3;2;4;5;5;4;5;4;6;3
487;11;Licenciado;1;1;3;4;2;4;4;5;6;1;4;6;2;1;1;2;4;2;6;6;1;2;6;4;3;6;1;1;2;3;4;3;2;2;4;3;4;3;4;3;4;3;3;4;4;4;3;5;4;6;5;5;6;4
488;11;Licenciado;4;4;5;5;4;4;6;5;6;1;5;5;4;4;2;4;5;3;5;4;4;2;5;5;5;5;3;4;4;2;1;5;4;5;4;4;4;4;3;4;4;4;4;4;4;3;3;5;6;6;5;5;6;3
489;11;Licenciado;2;4;5;5;4;4;3;5;6;1;5;3;3;2;2;4;5;3;6;5;3;2;5;5;4;6;3;4;2;2;1;4;5;2;3;3;3;3;3;2;2;3;2;3;2;2;2;5;5;5;4;4;4;3
490;11;Licenciado;5;6;5;5;5;6;6;5;4;1;5;6;3;3;2;1;4;2;3;5;4;2;6;5;4;5;2;3;2;1;1;2;4;2;3;3;4;3;4;2;3;3;1;3;2;2;1;3;4;1;3;5;3;3
491;11;Licenciado;4;4;5;6;5;6;4;5;6;1;5;6;3;3;2;2;5;4;4;5;4;3;5;5;5;5;2;2;2;2;2;2;2;2;3;3;3;3;3;3;3;3;3;3;3;2;3;5;5;5;5;5;5;3
492;11;Licenciado;4;4;4;4;4;6;6;6;6;1;5;4;2;3;1;2;5;2;5;5;1;1;4;3;4;5;1;1;1;1;1;3;2;2;3;3;3;3;4;4;4;4;4;3;3;2;2;4;4;4;4;4;4;3
493;11;Licenciado;2;4;1;3;4;4;3;5;4;1;4;4;3;4;3;2;4;3;4;5;3;3;6;4;2;6;2;2;4;2;1;2;3;1;4;4;4;3;4;4;4;4;4;4;1;3;4;4;5;5;3;5;6;4
494;11;Licenciado;5;5;6;6;1;5;2;6;5;1;5;6;2;4;2;4;3;6;5;4;1;1;6;6;6;6;3;5;2;3;1;5;6;2;4;4;3;3;4;4;3;3;1;2;4;3;1;2;2;3;6;6;6;3
495;11;Licenciado;5;3;6;1;6;5;5;4;3;1;4;4;1;2;1;3;5;2;6;5;4;2;6;5;3;5;2;3;2;2;2;4;5;2;3;4;3;3;4;3;4;4;3;3;4;3;4;5;4;4;5;3;5;2
496;11;Licenciado;1;1;1;1;1;1;1;1;1;1;1;1;1;1;1;1;1;1;1;1;1;1;1;1;1;1;1;1;1;1;1;1;1;1;1;1;1;1;1;1;1;1;1;1;1;1;1;1;1;1;1;1;1;1
497;11;Licenciado;3;2;5;5;2;6;4;5;2;1;5;4;2;2;2;2;3;4;5;5;2;2;5;6;3;6;2;4;2;1;1;5;2;2;3;4;4;4;4;4;3;3;3;4;4;4;4;4;5;3;5;6;6;3
498;11;Licenciado;1;1;1;2;2;4;6;2;2;1;4;5;3;2;1;3;3;1;6;5;5;1;5;3;6;5;1;1;4;2;1;1;3;1;4;4;4;4;4;4;4;4;4;4;4;4;3;5;5;5;5;5;5;4
499;11;Licenciado;5;5;5;5;5;4;5;4;4;1;4;4;4;5;4;4;5;4;5;4;4;4;4;4;4;4;4;4;4;4;3;4;4;5;3;3;3;3;4;3;3;3;3;3;3;3;3;5;4;4;4;4;4;3
500;11;Licenciado;2;4;6;6;3;5;4;6;6;1;5;6;3;3;3;4;6;5;5;5;3;4;6;6;2;6;2;2;2;2;2;5;5;5;4;4;4;3;2;3;4;2;2;3;3;4;4;4;5;3;1;4;4;3
501;11;Licenciado;4;3;4;4;5;5;5;5;5;1;5;5;1;5;3;1;1;6;6;5;5;5;5;5;5;5;1;6;4;1;1;6;6;6;4;3;3;3;3;3;3;3;3;3;3;3;3;5;5;5;5;5;5;3
502;11;Licenciado;4;5;5;5;5;5;5;5;4;1;4;3;3;4;3;4;4;4;4;3;4;3;5;4;5;4;5;4;3;4;3;4;5;4;3;3;2;3;2;3;2;3;3;2;2;3;3;3;3;3;4;3;3;3
503;11;Licenciado;5;5;4;5;5;5;5;4;5;1;5;5;2;2;2;2;2;2;5;5;4;3;3;3;5;5;3;2;2;2;2;2;4;1;3;3;2;2;3;3;3;3;2;2;3;3;3;4;5;5;3;4;4;1
504;11;Licenciado;2;2;5;4;2;4;4;5;5;1;6;6;2;2;2;2;4;2;5;5;2;2;2;4;5;5;4;2;2;3;3;5;2;2;4;4;4;3;3;4;3;3;3;4;4;4;4;4;4;4;4;5;5;3
505;11;Licenciado;5;5;6;6;5;6;6;1;6;1;6;6;3;2;1;5;5;1;6;6;6;4;6;6;6;6;1;2;1;1;1;6;4;1;4;4;4;4;4;1;4;4;4;4;4;4;4;6;6;6;6;6;6;4
506;11;Licenciado;4;3;6;6;5;5;5;6;6;1;5;6;3;4;1;4;4;1;6;6;5;2;5;5;6;6;2;3;2;3;1;4;4;2;3;4;2;4;4;3;4;4;4;4;3;4;3;3;4;4;5;5;5;3
507;11;Licenciado;4;4;4;4;4;4;4;4;4;1;4;4;3;4;3;4;4;3;3;4;4;4;3;4;3;4;4;4;4;4;1;4;1;1;4;4;4;4;4;4;3;4;3;3;3;3;3;6;5;6;4;4;4;3
508;11;Licenciado;2;2;5;5;3;5;5;5;5;1;5;5;2;3;1;4;4;3;4;4;4;3;4;4;4;5;3;3;3;3;3;5;3;3;3;3;3;3;2;3;3;3;3;3;3;3;3;1;2;2;3;3;3;3
509;11;Licenciado;3;2;4;5;1;6;5;6;4;1;3;3;1;3;3;2;4;4;6;5;3;2;5;6;4;5;1;1;1;1;1;1;3;1;4;4;3;3;3;3;3;3;2;3;3;3;3;4;4;5;2;4;5;3
510;11;Licenciado;1;1;4;6;3;6;5;6;6;1;4;6;1;1;2;2;4;3;6;5;1;1;6;5;6;6;2;3;2;1;1;4;2;1;3;4;3;1;4;4;4;4;2;3;3;4;2;1;5;4;5;5;4;3
511;11;Licenciado;3;4;5;6;4;5;4;5;5;1;4;5;2;4;1;2;4;3;5;5;4;1;4;4;3;5;2;2;2;2;1;4;6;2;3;3;4;3;2;3;4;3;3;3;4;3;4;5;5;5;2;4;4;3
512;11;Licenciado;5;6;5;5;6;6;5;5;6;1;4;4;6;6;2;2;5;2;5;5;5;1;5;4;4;4;2;2;2;5;2;4;4;3;3;3;4;4;4;4;4;3;4;3;4;4;4;5;4;5;5;6;6;3
513;11;Licenciado;4;5;6;6;3;4;4;6;6;1;6;6;3;3;2;2;4;1;6;6;3;2;4;4;6;6;3;4;4;1;3;4;6;3;3;4;4;4;4;4;4;3;3;3;3;3;3;5;5;5;4;4;4;3
514;11;Licenciado;1;1;1;1;1;1;1;1;1;1;1;1;1;1;1;1;1;1;1;1;1;1;1;1;1;1;1;1;1;1;1;1;1;1;1;1;1;1;1;1;1;1;1;1;1;1;1;1;1;1;1;1;1;1
515;11;Licenciado;4;3;5;4;4;5;4;6;5;1;5;4;3;5;3;3;4;2;4;5;5;3;5;1;1;6;3;2;2;1;1;1;1;1;3;3;4;3;4;4;4;4;4;4;4;4;4;3;3;2;1;2;2;1
516;11;Licenciado;2;3;4;5;3;6;3;5;5;1;5;5;2;2;2;2;2;2;5;5;5;2;5;5;5;5;3;2;2;2;2;4;4;4;3;3;3;3;3;3;3;3;3;3;3;3;3;4;4;4;2;4;3;3
517;11;Licenciado;3;2;5;6;5;5;3;5;6;1;4;4;3;2;2;2;3;3;6;5;4;1;6;5;5;6;2;2;2;2;1;2;4;1;3;3;3;3;3;3;3;2;2;2;1;3;3;6;5;5;4;5;5;3
518;11;Licenciado;4;5;4;5;6;4;5;5;4;1;6;5;4;5;4;5;5;4;5;5;4;5;5;5;5;5;6;5;4;4;3;4;4;5;3;4;4;4;4;4;4;4;4;1;3;3;4;5;5;5;5;5;5;4
519;11;Licenciado;2;2;5;5;2;5;4;6;6;1;3;1;1;1;1;1;1;2;6;6;1;4;5;6;6;6;1;1;1;1;1;4;1;1;3;3;3;3;3;3;3;3;3;3;3;3;3;2;3;4;4;4;4;2
520;11;Licenciado;5;5;4;4;4;5;5;5;5;1;6;6;4;4;3;2;6;3;6;6;3;2;5;4;4;5;3;4;4;3;4;5;5;4;4;3;3;3;4;4;4;3;3;3;3;2;4;5;5;6;5;5;4;3
521;11;Licenciado;4;1;4;4;3;4;4;4;4;1;4;4;2;3;1;2;3;2;6;1;3;1;6;4;4;4;3;4;2;1;1;3;3;1;3;3;3;3;3;3;3;3;3;3;3;3;3;4;2;3;4;4;4;3
522;11;Licenciado;3;4;5;6;5;6;5;5;5;1;5;5;4;4;1;3;5;4;6;5;4;4;4;5;6;6;3;3;3;3;3;4;3;3;3;4;4;4;4;4;4;3;4;3;4;4;4;6;6;6;6;6;6;3
523;11;Licenciado;4;5;6;6;3;3;2;6;2;1;6;6;1;2;2;1;2;1;6;6;1;1;5;3;5;6;3;2;2;1;1;5;4;3;3;3;3;3;4;4;1;2;2;2;1;3;2;4;5;5;4;4;4;3
524;11;Licenciado;6;4;4;4;3;4;3;3;3;1;3;4;1;1;1;4;3;3;4;4;3;2;3;3;3;3;3;1;1;2;2;2;2;1;4;4;3;3;3;4;4;4;4;4;4;4;4;5;4;4;4;4;4;3
525;11;Licenciado;4;4;5;3;2;4;5;5;5;1;4;4;3;3;3;3;4;1;5;4;4;2;6;4;6;6;3;3;2;1;1;3;4;4;3;4;3;3;3;1;4;3;2;3;3;3;4;3;4;4;4;4;4;3
526;11;Licenciado;2;2;6;6;4;6;5;6;6;1;6;5;2;1;1;1;5;1;6;6;6;1;6;6;6;6;1;1;1;1;1;3;5;1;4;4;4;4;4;4;4;4;3;3;4;4;4;5;5;5;6;6;6;3
527;11;Licenciado;4;4;5;3;5;5;5;5;5;1;5;5;2;4;3;4;3;3;5;4;5;3;5;5;5;5;3;4;3;3;3;5;5;5;3;1;3;2;3;3;3;3;3;3;3;3;3;5;3;4;4;4;4;1
528;11;Licenciado;5;6;5;6;4;4;5;6;3;1;3;5;2;3;3;1;5;5;6;6;5;5;6;6;5;6;5;5;6;6;6;6;6;6;3;3;3;4;4;3;3;4;3;4;3;4;4;5;5;5;6;4;6;1
529;11;Licenciado;1;1;1;1;1;1;1;1;1;1;1;1;1;1;1;1;1;1;1;1;1;1;1;1;1;1;1;1;1;1;1;1;1;1;1;1;1;1;1;1;1;1;1;1;1;1;1;1;1;1;1;1;1;1
530;11;Licenciado;1;1;6;6;5;5;3;6;6;1;6;2;2;2;2;2;1;2;6;5;3;2;5;5;6;5;1;2;2;4;2;1;5;2;4;4;4;1;3;4;4;4;4;4;4;4;4;4;5;4;4;4;4;2
531;11;Licenciado;3;4;6;6;5;5;5;6;5;1;5;5;3;4;3;3;4;3;6;5;4;2;4;4;5;5;3;2;3;3;2;4;4;4;4;4;3;3;3;3;2;4;4;4;3;4;4;5;5;5;3;5;5;4
532;11;Licenciado;2;4;6;5;4;5;4;5;4;1;5;5;4;2;2;2;4;2;6;4;3;3;5;4;4;6;2;2;2;2;1;6;4;1;3;3;3;3;3;3;3;3;3;3;3;3;3;4;4;4;4;4;4;3
533;11;Licenciado;4;5;5;4;6;6;5;5;5;1;5;5;4;4;3;3;3;2;5;5;5;3;5;5;5;5;3;2;3;2;2;5;4;2;4;4;4;4;4;4;4;4;4;4;4;4;4;5;5;5;4;5;5;3
534;11;Licenciado;3;3;5;5;5;5;5;5;5;1;5;5;2;3;2;4;4;3;5;5;2;2;5;5;6;6;2;3;2;2;2;5;4;2;4;4;4;4;4;4;4;4;4;4;4;3;4;4;4;4;4;4;4;3
535;11;Licenciado;5;4;5;5;5;5;5;5;5;1;6;6;3;4;2;2;5;4;5;5;5;4;5;5;4;5;2;3;4;4;2;5;2;3;4;4;4;4;3;4;4;3;4;4;4;4;4;5;5;5;5;5;5;4
536;11;Licenciado;3;2;4;6;6;6;6;6;6;1;6;6;2;2;2;2;3;3;3;3;3;3;3;3;3;3;3;3;3;3;3;3;3;3;2;3;2;3;3;3;3;2;3;3;3;3;3;4;4;4;4;4;4;1
537;11;Licenciado;4;4;5;5;5;5;6;5;6;1;6;6;4;4;4;4;4;4;4;4;4;4;4;4;4;4;4;3;4;4;3;3;4;4;3;2;3;3;4;3;3;3;3;3;3;3;3;4;4;4;4;4;4;3
538;11;Licenciado;5;5;6;5;5;5;5;5;5;1;5;5;4;4;3;3;4;5;4;4;4;5;5;5;2;3;3;2;2;2;2;2;2;2;4;3;3;4;3;4;3;4;4;4;4;4;4;5;5;5;5;5;5;4
539;11;Licenciado;4;4;6;6;5;4;4;6;6;1;6;6;4;3;3;1;6;1;6;5;4;2;3;3;3;5;1;3;2;2;1;5;6;1;3;2;2;2;4;2;2;2;1;2;3;2;3;4;1;6;1;4;3;3
540;11;Licenciado;5;3;6;6;6;6;6;6;6;1;6;6;3;5;2;2;4;2;6;6;5;5;6;2;4;5;3;3;4;4;3;5;5;2;4;4;4;4;4;3;4;4;3;4;4;4;4;4;4;5;6;6;6;1
541;11;Licenciado;5;6;5;2;6;5;3;5;5;1;6;3;6;6;6;6;6;2;6;6;3;2;6;6;6;6;1;1;1;1;1;1;1;1;3;1;1;1;3;1;1;1;1;1;1;1;1;4;3;2;1;1;5;3
542;11;Licenciado;2;3;6;6;3;4;4;5;6;1;4;4;2;2;2;3;5;2;6;4;3;2;5;6;5;5;4;3;2;2;2;2;5;5;4;4;4;3;3;3;3;3;3;3;4;4;2;4;4;3;4;4;4;4
543;11;Licenciado;4;5;2;4;5;6;4;6;5;1;5;5;4;4;1;1;3;1;6;4;2;1;6;6;6;6;1;4;1;1;1;3;5;1;4;3;3;2;4;2;3;2;1;3;3;2;2;4;3;2;3;5;5;3
544;11;Licenciado;4;4;5;5;4;5;5;5;5;1;5;5;3;3;2;2;3;2;3;5;4;3;4;4;4;4;3;4;4;2;2;3;4;3;3;3;4;3;3;3;3;3;2;4;3;2;2;4;3;5;5;5;4;3
545;11;Licenciado;5;3;5;5;5;6;5;5;5;1;5;5;3;4;4;4;5;4;5;5;5;4;5;5;5;4;3;4;4;4;4;5;6;5;3;3;3;3;3;3;3;3;3;3;3;4;3;4;5;5;5;5;5;4
546;11;Licenciado;4;3;6;6;6;6;5;6;5;1;5;5;4;5;3;3;5;3;6;6;4;3;5;6;6;6;4;4;4;4;2;4;4;1;4;3;4;3;4;4;4;2;4;4;4;4;4;4;4;5;5;5;5;3
547;11;Licenciado;3;6;6;6;6;6;6;6;6;1;6;6;6;6;3;5;5;4;6;6;6;4;6;6;5;6;3;5;5;4;3;4;3;3;4;4;4;4;4;1;3;3;3;4;4;3;4;6;5;6;4;6;5;4
548;11;Licenciado;4;5;5;5;5;5;4;5;5;1;5;5;5;3;2;3;5;2;6;6;6;3;6;6;6;6;3;3;2;2;1;5;5;1;3;3;3;3;3;3;3;3;3;3;3;3;3;4;4;3;4;4;4;3
549;11;Licenciado;5;5;6;6;4;6;5;6;6;1;6;6;4;3;1;1;3;2;6;6;1;1;6;6;4;6;1;1;1;1;1;6;6;1;4;4;4;3;3;3;4;4;4;4;4;4;4;5;5;5;5;5;5;3
550;11;Licenciado;5;6;6;6;6;6;6;6;6;1;6;6;5;5;4;5;6;6;6;5;5;5;6;6;6;6;2;2;5;2;1;3;4;2;4;4;4;4;3;3;4;4;3;4;4;4;3;6;5;6;5;5;5;4
551;11;Licenciado;1;1;4;4;3;5;6;6;6;1;6;4;4;5;2;3;4;2;6;6;5;1;6;5;5;6;1;4;3;2;1;3;4;2;3;3;2;2;2;2;3;2;1;2;2;3;3;3;3;3;3;4;4;3
552;11;Licenciado;2;6;6;6;6;6;6;6;5;1;6;6;4;4;2;4;3;2;6;6;6;1;5;4;6;6;2;5;5;4;5;6;4;3;3;4;3;4;3;3;3;3;4;3;4;3;3;6;6;6;6;6;6;3
553;11;Licenciado;4;5;5;3;5;2;6;5;3;1;5;6;1;4;2;3;6;4;6;4;4;3;3;4;5;4;3;2;3;2;2;6;5;5;3;3;3;3;3;4;3;3;3;3;3;2;2;5;4;5;5;4;5;3
554;11;Licenciado;6;3;6;6;6;6;6;6;6;1;2;6;1;1;3;1;6;6;6;6;6;6;6;6;6;6;1;6;4;1;1;6;6;6;4;3;3;3;4;3;4;4;4;4;4;4;4;6;6;6;6;6;6;4
555;11;Licenciado;3;3;6;6;4;5;5;6;6;1;6;6;2;3;1;1;3;3;6;6;3;2;4;4;6;6;2;4;3;3;1;5;4;1;4;4;4;4;4;4;4;4;2;4;4;4;4;6;6;6;6;6;6;1
556;11;Licenciado;1;4;4;3;4;5;6;5;4;1;3;4;2;2;2;3;2;2;5;5;2;1;4;3;4;6;1;2;2;1;1;2;4;4;3;2;3;2;4;3;3;3;2;1;2;3;3;3;5;3;2;3;3;3
557;11;Licenciado;6;5;6;2;2;2;6;6;5;1;6;6;4;5;1;1;6;2;6;6;3;4;6;6;4;6;4;1;4;1;2;4;6;6;4;3;4;3;4;4;4;3;3;4;3;3;4;6;5;4;3;3;5;3
558;11;Licenciado;1;1;4;5;5;4;6;6;5;1;5;4;1;1;3;2;6;3;5;6;4;3;6;6;1;6;4;1;2;4;1;3;4;1;4;4;4;4;4;4;4;4;4;4;4;4;3;5;5;1;5;5;5;3
559;11;Licenciado;1;1;1;1;1;1;1;1;1;1;1;1;1;1;1;1;1;1;1;1;1;1;1;1;1;1;1;1;1;1;1;1;1;1;1;1;1;1;1;1;1;1;1;1;1;1;1;1;1;1;1;1;1;1
560;11;Licenciado;2;2;6;6;4;5;4;6;6;1;6;6;1;3;1;1;4;2;5;5;2;3;6;6;6;6;1;2;2;2;2;3;3;2;4;4;4;4;4;4;4;4;4;3;4;4;4;5;5;5;5;5;5;3
561;11;Licenciado;6;5;6;3;6;5;6;6;6;1;6;6;1;1;1;1;4;1;6;6;4;1;6;6;6;6;1;1;1;1;1;1;1;1;4;4;1;4;4;1;4;4;1;4;4;1;4;3;3;3;1;4;4;2
562;11;Licenciado;1;1;5;2;6;6;4;4;6;1;6;5;1;4;5;6;5;5;6;6;4;4;5;4;6;5;4;3;4;1;1;4;6;1;3;3;3;3;4;4;4;2;3;3;3;3;4;4;1;2;1;4;2;2
563;11;Licenciado;4;5;5;5;5;5;5;5;5;1;5;5;5;5;5;5;5;4;4;4;4;4;4;4;4;4;3;2;4;4;1;4;4;5;4;4;4;4;4;4;4;4;4;4;4;4;4;5;5;5;5;5;5;4
564;11;Licenciado;4;4;4;4;3;4;3;6;4;1;5;5;2;2;2;1;2;1;6;6;1;3;6;6;1;6;2;2;2;2;2;5;2;2;3;2;1;1;3;2;2;2;2;1;1;1;3;4;4;4;4;4;4;2
565;11;Licenciado;1;1;1;1;1;1;1;1;1;1;1;1;1;1;1;1;1;1;1;1;1;1;1;1;1;1;1;1;1;1;1;1;1;1;1;1;1;1;1;1;1;1;1;1;1;1;1;1;1;1;1;1;1;1
566;11;Licenciado;1;1;1;1;1;1;1;1;1;1;1;1;1;1;1;1;1;1;1;1;1;1;1;1;1;1;1;1;1;1;1;1;1;1;1;1;1;1;1;1;1;1;1;1;1;1;1;1;1;1;1;1;1;1
567;11;Licenciado;2;4;6;6;4;6;6;6;6;1;1;1;2;1;1;1;5;1;1;1;1;1;1;1;1;1;1;1;1;1;1;1;1;1;1;1;1;1;1;1;1;1;1;1;1;1;1;1;1;1;1;1;1;1
568;11;Licenciado;5;5;5;6;5;6;6;5;5;1;4;5;2;4;2;4;3;3;6;5;5;1;6;5;4;5;2;2;1;3;1;3;5;3;4;4;4;3;4;4;4;4;4;4;4;4;4;6;6;6;6;6;6;4
569;11;Licenciado;3;3;5;5;5;4;4;4;4;1;6;3;3;1;1;2;2;2;1;2;2;3;3;2;2;2;1;2;1;1;1;1;1;1;4;4;3;3;4;4;4;3;3;3;1;2;4;2;3;4;5;4;4;3
570;12;Licenciado;4;5;5;5;4;5;5;4;6;1;4;4;4;4;2;2;3;3;5;5;4;2;5;3;4;2;3;2;2;3;3;4;4;4;3;2;3;3;2;3;3;3;2;4;2;3;3;4;4;3;4;4;5;3
571;12;Licenciado;6;1;3;1;6;6;6;6;6;1;6;6;1;6;1;1;1;1;6;6;1;1;6;6;1;6;1;1;1;1;1;6;6;6;4;4;4;4;1;4;4;4;1;1;1;4;1;6;6;3;1;1;1;3
572;12;Licenciado;6;1;4;6;6;6;6;6;6;1;6;6;1;1;1;1;4;1;5;6;6;1;6;6;6;6;1;1;6;1;1;6;6;1;4;4;4;4;4;4;4;4;4;4;4;4;4;6;6;6;6;6;6;4
573;12;Licenciado;6;6;6;6;6;6;5;6;6;1;6;6;3;4;2;3;4;1;5;6;2;2;4;6;6;6;2;4;3;2;1;6;6;1;4;4;4;4;4;4;4;4;1;3;3;3;4;4;5;5;4;5;5;3
574;12;Licenciado;6;6;1;1;2;1;1;1;1;1;1;1;6;5;6;3;2;5;1;1;6;4;2;2;1;1;5;3;6;2;1;1;6;1;1;1;1;1;1;1;1;1;1;1;1;1;1;3;4;4;5;5;5;2
575;12;Licenciado;2;1;5;6;4;3;4;3;4;1;4;4;1;3;1;1;4;3;6;5;5;1;5;3;5;4;1;1;1;3;1;3;5;1;4;3;4;3;4;2;3;3;2;3;3;3;4;4;3;4;4;5;5;3
576;12;Licenciado;5;5;5;5;5;6;6;5;5;1;5;5;4;3;3;3;5;3;6;5;5;5;6;5;6;6;3;4;4;3;2;4;5;5;3;3;3;3;3;3;4;3;3;3;3;3;3;4;5;5;4;5;5;3
577;12;Licenciado;1;1;1;1;1;1;1;1;1;1;1;1;3;1;1;4;1;1;1;1;1;1;1;1;1;1;6;4;1;6;1;4;1;1;1;1;1;1;1;1;1;1;1;1;1;1;1;1;1;1;1;1;1;4
578;12;Licenciado;1;3;6;6;6;6;4;6;6;1;6;6;4;3;1;2;6;6;6;6;4;2;6;6;6;6;1;4;2;6;2;5;6;3;4;4;4;4;4;4;4;3;4;4;4;4;4;4;3;4;6;6;6;1
579;12;Licenciado;2;3;3;3;4;3;4;4;4;1;3;3;2;2;3;3;4;4;4;3;2;3;3;3;3;3;1;2;2;2;2;3;4;4;1;2;2;2;2;3;3;2;3;3;2;3;2;1;1;2;2;3;2;3
580;12;Licenciado;3;4;5;2;5;1;6;3;5;1;5;4;4;5;2;2;4;2;6;3;3;4;5;5;3;5;3;2;3;4;4;3;4;4;3;3;4;4;3;2;3;3;3;3;4;3;3;3;3;3;4;5;4;3
581;12;Licenciado;6;5;6;5;4;5;6;6;5;1;5;4;4;5;2;5;6;3;6;6;2;1;4;5;5;6;2;3;2;4;4;5;5;2;3;3;3;4;4;4;4;4;2;4;4;4;4;5;6;5;6;6;6;4
582;12;Licenciado;3;2;3;5;4;4;4;4;4;1;5;4;1;2;2;2;5;4;6;6;3;2;5;4;6;5;1;1;1;1;1;5;4;5;3;4;4;4;4;4;3;4;3;4;3;3;4;4;4;4;4;4;4;3
583;12;Licenciado;5;5;5;6;3;5;5;5;5;1;5;5;3;4;2;3;3;2;4;5;3;2;5;4;5;5;3;3;3;2;2;3;3;2;4;4;4;3;4;3;4;4;3;4;4;2;3;4;5;4;5;5;5;1
584;12;Licenciado;4;4;6;5;6;6;6;6;6;1;6;4;1;5;1;1;1;1;6;6;6;1;6;5;6;6;1;3;1;5;1;4;4;1;4;3;4;3;3;4;4;4;4;4;4;4;4;3;4;3;5;5;5;3
585;12;Licenciado;1;1;1;1;1;1;1;1;1;1;1;1;1;1;1;1;1;1;1;1;1;1;1;1;1;1;1;1;1;1;1;1;1;1;1;1;1;1;1;1;1;1;1;1;1;1;1;1;1;1;1;1;1;1
586;12;Licenciado;2;2;4;5;5;5;4;5;5;1;5;4;2;2;2;2;2;2;5;5;2;1;5;5;5;6;1;1;1;1;1;5;2;1;3;2;2;2;3;3;3;2;1;3;2;3;2;4;5;3;1;4;4;3
587;12;Licenciado;3;3;6;5;6;5;5;6;5;1;6;5;3;4;2;4;5;4;5;6;6;5;5;5;6;5;3;5;4;4;1;5;4;2;4;4;4;4;4;3;4;4;3;4;4;3;4;5;6;6;5;6;6;3
588;12;Licenciado;4;3;4;5;6;5;5;5;6;1;6;6;3;3;1;2;4;4;4;3;4;1;4;6;6;6;2;3;2;2;1;1;3;1;3;4;3;4;3;3;4;4;4;4;4;4;4;6;6;6;6;6;6;1
589;12;Licenciado;3;4;6;5;3;5;5;5;6;1;5;5;3;4;2;3;4;5;5;6;4;2;5;4;5;5;3;4;4;3;3;4;4;4;4;4;4;3;3;3;3;3;3;3;3;4;3;3;4;4;5;5;5;2
591;12;Licenciado;1;1;5;2;3;4;5;5;3;1;5;6;1;2;1;2;5;3;6;6;2;2;4;4;5;5;3;4;3;3;1;2;3;4;3;3;3;3;4;3;3;3;3;3;3;3;3;3;3;3;4;4;4;3
592;12;Licenciado;3;5;1;1;2;1;1;2;1;1;1;1;6;4;5;4;2;1;1;1;5;3;1;1;1;1;5;3;3;4;5;3;1;5;1;1;1;1;1;1;2;2;2;1;1;2;1;1;1;2;2;2;1;4
593;12;Licenciado;4;3;6;6;6;6;6;6;6;1;1;6;3;5;3;3;6;2;5;5;2;2;5;5;5;5;2;2;5;2;1;5;5;2;4;4;3;4;4;4;4;3;4;4;4;4;4;5;5;4;5;5;5;1
594;12;Licenciado;3;5;6;5;3;5;3;6;4;1;4;6;4;4;3;4;3;5;5;5;5;3;6;5;5;5;3;3;6;5;5;5;5;5;4;4;3;3;4;3;3;4;3;4;3;4;4;3;6;4;3;6;5;4
595;12;Licenciado;4;4;4;4;4;4;4;4;4;1;4;4;4;4;4;4;4;4;4;4;4;4;4;4;4;4;4;4;4;4;4;4;4;4;4;4;3;3;3;3;3;3;3;3;3;3;3;2;3;3;4;2;2;3
596;12;Licenciado;6;6;6;6;5;6;6;6;6;1;6;6;3;5;3;2;5;4;5;5;5;2;5;5;6;6;5;4;5;5;4;5;5;4;3;3;3;4;4;4;3;3;4;3;4;4;3;6;5;5;6;6;6;3
597;12;Licenciado;3;3;5;4;5;5;3;5;4;1;5;5;4;3;3;4;3;2;5;5;3;3;5;5;5;5;3;3;3;2;2;2;3;2;3;3;3;2;3;3;3;3;2;2;3;2;2;4;3;2;3;3;4;3
598;12;Licenciado;6;4;6;6;6;5;6;6;6;1;6;6;1;4;1;1;1;1;1;1;1;1;1;1;1;1;1;3;6;1;1;1;5;1;4;4;4;4;4;4;4;4;4;4;4;4;4;6;6;6;6;6;6;4
599;12;Licenciado;3;4;3;3;4;3;4;4;5;1;1;4;3;4;4;4;3;4;5;5;5;4;6;6;6;5;4;5;6;4;5;6;5;4;3;3;4;3;4;4;3;3;4;3;4;3;3;3;5;4;5;4;5;2
600;12;Licenciado;2;2;1;6;6;6;3;6;6;1;3;4;1;3;3;1;4;1;5;6;1;1;3;6;6;6;1;1;1;1;1;4;1;1;4;4;4;4;4;4;4;4;4;4;4;4;4;6;6;6;6;5;6;1
601;12;Licenciado;2;4;6;6;6;6;6;6;6;1;6;6;1;1;1;1;6;1;6;6;3;3;4;5;6;4;6;3;2;2;1;5;6;6;4;4;4;4;4;4;4;3;4;4;4;4;4;4;5;5;4;5;6;1
602;12;Licenciado;5;4;5;6;5;5;5;5;5;1;5;6;4;5;4;3;5;4;6;5;4;3;3;4;4;5;4;3;4;2;1;4;5;4;4;4;4;4;4;4;3;3;2;3;4;2;3;6;5;6;5;5;6;4
603;12;Licenciado;1;2;5;4;5;3;5;4;3;1;6;5;5;5;4;4;1;3;3;4;4;4;3;4;3;4;5;4;5;4;4;4;4;5;4;4;3;3;4;3;3;4;3;4;4;4;4;3;4;4;3;4;3;3
604;12;Licenciado;6;6;5;6;5;5;6;4;6;1;5;6;2;5;6;5;6;5;6;5;6;6;6;5;6;5;6;6;5;6;6;6;5;5;4;4;3;4;4;4;4;4;4;4;4;4;4;6;6;6;5;6;6;4
605;12;Licenciado;6;5;1;5;1;6;4;4;4;1;4;4;1;1;1;1;1;1;1;1;1;1;1;1;1;1;1;1;1;1;1;1;1;1;1;1;1;1;1;1;1;1;1;1;1;1;1;1;1;1;1;1;1;1
606;12;Licenciado;1;1;3;4;3;4;3;4;6;1;6;6;2;2;1;3;4;3;5;5;4;3;3;4;5;5;3;3;2;3;2;3;4;3;2;3;3;3;3;1;3;3;3;2;3;3;3;3;4;4;3;4;4;3
607;12;Licenciado;1;1;6;6;1;6;6;6;1;1;6;1;1;1;1;1;1;1;1;1;1;1;1;1;1;1;1;1;1;1;1;1;1;1;1;1;1;2;2;2;1;1;1;1;1;1;2;1;1;1;1;1;1;1
608;12;Licenciado;5;5;6;5;6;4;5;6;4;1;6;6;3;5;1;5;6;1;6;6;3;6;6;4;5;1;2;2;2;1;1;1;3;3;4;4;4;3;3;4;4;4;3;4;4;4;4;6;6;6;6;5;5;2
609;12;Licenciado;5;4;6;6;5;6;6;6;4;1;6;5;3;3;4;5;6;5;6;6;6;3;6;1;5;6;4;4;4;4;4;4;4;4;4;4;4;4;4;4;4;4;4;4;4;4;4;5;5;5;5;5;5;3
610;13;Licenciado;5;5;6;6;6;6;6;6;5;1;6;6;5;5;4;4;5;4;5;5;4;4;5;5;5;5;4;5;5;5;2;5;6;4;3;4;4;3;4;4;4;4;4;4;4;4;4;5;5;5;5;5;5;4
611;13;Licenciado;1;3;4;4;3;4;4;6;4;1;5;6;1;2;1;2;4;2;6;4;2;2;5;5;5;5;2;2;2;2;2;5;5;2;3;4;3;3;4;3;4;4;3;3;3;3;3;5;5;5;5;5;5;3
612;13;Licenciado;1;1;1;1;1;1;1;1;1;1;1;1;1;1;1;1;1;1;1;1;1;1;1;1;1;1;1;1;1;1;1;1;1;1;1;1;1;1;1;1;1;1;1;1;1;1;1;1;1;1;1;1;1;1
613;13;Licenciado;5;3;4;6;3;5;2;5;5;1;3;3;3;3;3;2;3;3;6;5;3;2;5;5;5;5;2;3;3;2;1;5;2;2;3;3;2;2;3;3;3;3;2;2;3;2;2;4;3;3;2;1;4;3
614;13;Licenciado;3;1;6;6;3;6;6;6;5;1;5;4;3;4;1;1;6;4;6;6;3;1;6;5;6;6;4;4;4;2;4;4;4;1;3;3;3;3;3;3;3;2;2;3;3;3;3;5;5;5;4;5;5;3
615;13;Licenciado;4;4;5;3;2;2;4;5;5;1;5;5;2;3;2;2;3;2;4;4;3;4;4;5;5;6;3;2;1;2;2;3;4;2;3;2;2;2;3;2;3;3;3;3;2;1;2;4;3;4;2;2;3;3
616;13;Licenciado;4;5;6;6;6;6;6;6;5;1;6;3;4;5;1;1;6;1;6;5;1;3;6;5;6;6;1;6;1;4;3;5;6;6;4;4;4;4;3;4;4;4;1;4;4;4;4;5;4;4;5;5;5;3
617;13;Licenciado;1;3;3;4;4;6;4;6;5;1;6;5;2;4;1;2;4;2;6;4;3;5;6;6;5;6;3;4;2;3;1;4;4;2;4;4;3;4;3;4;3;3;3;3;3;3;3;5;6;5;5;5;5;3
618;13;Licenciado;4;4;5;5;3;4;5;5;3;1;4;4;3;3;2;2;3;3;6;5;3;3;5;4;3;5;3;4;3;2;4;4;5;4;3;3;3;3;3;3;3;3;2;3;3;3;3;5;4;5;4;4;4;3
619;13;Licenciado;4;6;4;2;6;4;5;4;4;1;6;5;4;3;2;2;5;3;6;5;4;5;5;5;4;6;4;5;5;3;1;2;6;2;4;3;3;2;2;2;3;3;2;3;4;2;3;2;3;3;1;2;3;3
620;13;Licenciado;4;4;5;4;4;5;5;6;5;1;4;3;3;4;3;2;4;3;6;5;5;2;4;5;3;5;3;3;3;3;2;3;3;3;3;3;3;1;2;2;3;3;1;2;3;3;2;4;4;4;4;5;5;3
621;13;Licenciado;4;4;4;4;3;5;3;5;5;1;5;5;3;4;5;3;3;3;3;6;4;1;4;3;5;4;4;4;5;1;2;4;5;3;3;3;2;2;3;3;4;4;2;2;2;3;3;3;3;3;3;3;4;3
622;13;Licenciado;5;4;6;5;4;4;6;6;6;1;6;4;3;4;3;4;3;2;6;6;3;2;6;6;6;6;2;4;1;2;1;4;1;4;3;4;4;3;3;4;4;3;1;3;3;4;4;5;5;5;5;5;6;3
623;13;Licenciado;4;4;6;6;3;6;5;6;6;1;5;5;3;3;2;4;5;2;6;6;1;2;5;5;4;6;2;3;1;1;4;3;5;3;4;4;4;4;3;4;4;4;2;3;4;2;2;5;6;6;6;5;6;4
624;13;Licenciado;4;4;5;5;5;6;4;6;6;1;6;6;4;5;3;4;5;5;5;4;4;4;4;5;5;5;3;4;4;3;4;4;4;4;4;4;4;4;4;3;4;4;4;4;4;4;3;4;4;4;4;5;5;3
625;13;Licenciado;4;2;6;6;4;6;2;6;6;1;6;4;1;1;1;1;5;1;5;5;1;1;5;5;5;5;1;1;1;1;1;6;1;1;3;3;3;3;4;4;4;4;3;3;4;4;4;5;4;6;6;6;6;3
626;13;Licenciado;4;3;5;5;4;6;4;6;4;1;4;5;3;3;3;3;4;3;6;5;3;4;5;4;4;5;3;3;3;3;3;4;3;3;3;4;4;4;4;3;4;3;3;4;3;3;3;4;4;5;5;5;5;3
627;13;Licenciado;3;3;6;6;6;6;6;6;6;1;6;6;6;6;6;6;5;5;5;6;6;6;6;6;6;6;3;3;5;4;1;6;2;1;4;4;4;4;4;4;4;4;4;4;4;4;4;6;6;4;4;4;4;1
628;13;Licenciado;5;5;6;5;4;4;5;6;6;1;6;6;2;3;1;1;4;2;5;5;2;2;5;5;5;5;2;2;1;1;1;1;1;1;3;3;3;3;2;2;3;2;2;3;3;3;3;5;4;4;4;5;5;3
629;13;Licenciado;6;6;4;6;6;5;4;6;6;1;6;6;4;5;3;2;5;4;4;4;4;4;4;5;5;5;3;4;3;3;3;5;5;2;3;3;3;3;4;3;3;2;2;2;2;2;3;4;4;4;4;4;4;3
630;13;Licenciado;5;5;5;5;4;5;5;6;4;1;6;6;4;4;4;5;4;5;4;6;4;5;4;5;5;5;3;5;5;3;2;4;4;4;3;3;3;3;3;3;3;4;3;4;3;2;3;5;5;5;5;4;5;3
631;13;Licenciado;3;4;5;5;5;5;5;6;5;1;6;6;3;5;2;2;4;3;5;5;3;3;5;5;4;5;3;3;2;2;2;4;4;2;3;3;2;2;3;3;3;3;2;2;2;3;2;5;4;5;5;5;5;3
632;13;Licenciado;1;1;1;1;1;1;1;1;1;1;1;1;1;1;1;1;1;1;1;1;1;1;1;1;1;1;1;1;1;1;1;1;1;1;1;1;1;1;1;1;1;1;1;1;1;1;1;1;1;1;1;1;1;1
633;13;Licenciado;5;5;6;6;6;6;6;6;6;1;6;4;4;5;3;1;3;1;6;6;6;3;6;6;3;6;2;3;1;1;3;5;3;5;3;3;3;3;3;3;3;3;3;3;3;3;2;5;6;4;3;4;4;3
634;13;Licenciado;5;5;4;4;4;4;5;6;4;1;5;6;4;5;3;4;3;3;4;5;3;3;5;5;4;6;3;4;4;3;3;4;2;3;3;4;4;3;4;3;3;4;4;3;3;3;3;4;4;5;4;4;5;3
635;13;Licenciado;1;1;6;6;3;5;3;6;6;1;4;5;3;3;3;2;3;3;6;6;3;3;6;6;6;6;1;3;3;3;3;3;4;3;4;4;4;4;4;4;4;4;4;4;4;4;4;6;6;6;6;6;6;4
636;13;Licenciado;2;4;5;5;6;6;6;5;6;1;5;4;2;4;3;2;4;3;5;5;5;5;5;5;5;5;4;5;3;3;2;5;4;1;4;4;4;4;3;4;4;3;4;4;4;4;4;5;5;5;5;5;5;1
637;13;Licenciado;1;3;6;6;6;6;6;6;6;1;6;5;4;2;1;1;3;1;6;6;1;1;6;6;6;6;1;1;1;1;1;1;6;1;4;4;4;4;4;4;4;4;4;4;4;4;4;6;1;2;1;6;6;2
638;13;Licenciado;4;3;6;5;4;5;3;4;4;1;3;4;3;3;2;2;3;3;6;5;2;2;4;4;4;6;2;2;2;2;1;4;6;5;3;4;4;4;4;3;4;4;3;4;4;4;4;4;6;6;5;5;6;3
639;13;Licenciado;6;5;6;5;3;5;6;6;6;1;6;6;1;4;1;5;4;1;6;5;3;5;6;5;6;6;3;4;3;3;3;4;6;4;4;4;4;4;3;4;4;4;3;4;4;3;4;5;5;5;6;6;6;3
640;13;Licenciado;4;5;5;6;4;5;5;6;6;1;5;5;5;4;3;1;3;4;5;5;5;4;5;5;6;6;4;4;4;2;1;2;3;3;3;4;3;3;2;3;3;3;2;3;3;4;3;4;4;3;3;4;4;3
641;13;Licenciado;5;5;6;5;4;5;6;4;6;1;6;5;2;5;2;3;5;2;6;5;6;1;5;5;3;4;2;3;2;1;1;4;3;2;3;4;4;4;3;4;3;3;4;3;3;4;4;5;5;5;5;5;5;4
642;13;Licenciado;4;4;3;4;5;4;6;5;5;1;5;5;5;6;3;4;6;4;6;6;5;6;6;5;5;6;3;3;3;3;3;5;5;5;4;4;4;4;4;3;3;4;4;4;4;4;4;4;5;5;5;6;6;4
643;13;Licenciado;4;3;6;6;3;6;6;5;5;1;6;6;1;1;1;1;5;2;6;4;4;1;6;5;6;5;2;2;1;1;1;2;1;1;4;3;3;4;3;4;4;4;4;4;3;3;4;6;5;5;6;6;6;3
644;13;Licenciado;4;4;6;6;5;6;4;6;6;1;5;6;3;2;2;2;5;3;6;4;2;3;6;6;4;4;3;4;3;1;1;2;2;1;4;3;3;3;3;3;4;4;4;4;4;4;4;4;6;5;5;5;6;3
645;13;Licenciado;5;4;6;6;4;6;6;6;5;1;5;5;4;5;4;3;4;2;5;5;5;4;4;5;5;5;4;4;5;4;4;4;5;5;3;3;4;4;2;4;3;2;3;3;4;3;3;5;4;5;5;4;4;3
646;13;Licenciado;4;4;6;5;4;5;5;5;6;1;6;6;3;4;1;5;4;3;6;6;4;1;6;6;5;6;1;4;3;4;1;6;3;1;4;4;4;4;4;4;4;3;3;4;3;3;4;4;6;5;4;5;5;3
647;13;Licenciado;2;5;5;1;2;6;6;5;5;1;3;5;1;1;2;4;3;5;6;5;2;4;6;3;2;4;4;3;1;3;1;3;5;4;4;3;4;3;4;4;4;3;3;2;3;4;3;3;1;2;1;3;4;3
648;13;Licenciado;3;3;5;5;2;5;3;6;6;1;4;4;3;2;3;3;3;3;4;5;2;2;5;5;5;5;1;2;3;1;1;4;3;1;3;3;2;2;2;3;3;2;3;3;3;3;3;3;4;4;5;5;5;3
649;13;Licenciado;3;2;6;6;6;4;6;6;3;1;6;6;1;3;1;1;6;1;5;6;2;1;4;5;6;6;2;2;2;3;1;1;6;1;1;2;1;2;3;1;1;2;3;1;2;1;1;4;4;4;3;4;1;2
650;13;Licenciado;5;6;6;6;5;6;6;6;6;1;6;6;6;6;5;6;6;5;6;6;6;6;6;6;6;5;6;6;6;5;1;4;1;1;3;3;4;3;4;3;4;4;3;4;4;4;4;6;5;5;5;5;5;1
651;13;Licenciado;4;4;6;5;3;4;5;5;6;1;6;5;3;3;2;2;3;3;6;5;3;2;6;4;6;5;1;1;2;2;2;3;2;2;2;3;4;2;1;3;3;3;1;2;3;3;3;4;4;4;3;4;4;3
652;13;Licenciado;5;5;5;5;4;5;6;5;4;1;5;5;3;4;2;2;4;2;4;4;4;2;4;4;3;4;3;3;3;2;3;3;4;3;3;3;3;3;3;3;3;3;3;3;3;3;3;4;4;4;3;3;3;3
653;13;Licenciado;6;6;6;6;6;6;6;6;6;1;6;6;4;5;2;3;4;3;6;6;5;3;6;6;6;6;4;4;4;3;3;6;5;3;4;4;4;4;4;4;4;4;4;4;4;4;4;5;5;6;6;6;6;1
654;13;Licenciado;3;3;6;6;4;5;5;6;6;1;6;5;3;3;2;2;5;4;6;6;4;2;6;5;5;5;3;2;2;2;2;2;2;2;4;4;4;3;4;4;4;4;3;4;4;3;3;6;5;5;5;5;5;4
655;13;Licenciado;2;1;6;4;3;6;6;6;6;1;6;5;1;3;3;1;4;3;6;6;3;2;6;4;6;6;3;2;3;1;1;2;4;1;3;3;4;4;3;4;4;4;2;2;3;4;3;4;5;5;5;5;5;3
656;13;Licenciado;3;4;6;6;3;4;5;6;6;1;6;6;2;1;2;1;5;1;6;5;2;2;6;6;6;6;1;3;2;1;1;4;3;1;3;3;3;3;3;3;4;4;3;4;3;3;3;5;4;5;5;5;5;3
657;13;Licenciado;6;4;5;5;6;5;4;5;5;1;6;6;3;3;3;3;4;5;6;4;4;3;6;4;6;3;3;3;3;4;3;4;3;3;4;4;4;4;3;3;4;4;4;4;4;4;4;5;5;5;5;5;5;4
658;13;Licenciado;5;5;5;5;4;4;4;6;4;1;4;4;4;4;1;2;4;3;6;5;4;4;4;4;6;6;3;3;1;1;1;5;5;1;4;3;3;2;4;4;4;4;3;3;4;2;2;4;4;4;3;5;5;3
659;13;Licenciado;4;2;5;6;3;5;4;5;5;1;4;4;2;3;2;3;4;4;5;5;4;4;5;5;6;6;3;2;3;2;2;4;4;3;3;3;4;4;3;3;4;4;3;3;4;4;3;5;4;5;5;5;5;4
